fixed acidity,volatile acidity,citric acid,residual sugar,chlorides,free sulfur dioxide,total sulfur dioxide,density,pH,sulphates,alcohol
-0.23352997218310678,1.031056893747234,-1.3326085125539562,-0.5850429846460344,-0.24562062192846684,-0.9190949841896926,-0.20534528910191016,-0.008529881983094288,0.5138579374766389,-0.7318191256411961,-0.7923128767263367
-0.5799995564984504,2.9334781752892223,-0.9259793237876425,-0.8528892563370019,1.8817446582049049,-0.40064695195929617,1.2579337953997851,-0.26352140311374056,-0.07728589140274073,-0.5317652039154718,-1.3416814697189405
-0.7532343486561219,0.8408147655930356,-1.3834371611497454,-0.5850429846460344,-0.44291830375311186,1.7412970047212895,0.7607049550960638,0.6395735675572493,1.8931935381951863,0.9432576687221982,-0.517628580230034
-1.5616633787252565,0.05266880609706913,-1.1801225667665884,-0.8528892563370019,-0.8425559646632533,-1.3874462383788675,-1.4559047957393745,-1.3259860744913547,2.681385310034357,-0.4659291734053641,0.8557929022514765
-0.6377444872176741,-0.001686087661273423,-0.6718360808086963,-0.3350668442435679,-0.5090541907654498,0.20936028793142325,-0.34435166755526103,-1.8412814401095112,0.2511273468635819,-0.27089257757012963,1.496722927409514
-1.1574488636906892,-0.32781545021132874,-1.3834371611497454,-1.2943698657800562,-0.7085865120389083,1.120424206200259,-0.16180584450052413,-2.388450745868969,0.9079538233962242,-1.1438921559162405,1.679845791740383
1.0946034343590418,0.7592824249555218,0.5988801340860342,-0.5850429846460344,-0.7308617598150762,-1.1364863380419723,-1.0893719804606232,0.48020386685062477,-0.9311603108951743,-1.2141916792297063,-0.4260671480646003
-0.40676476434077885,1.1125892343847477,-1.281779863958167,0.11982434457825433,-0.355025789530022,-0.40064695195929617,-1.3552812398486171,-0.6991319183785258,1.3020497093158068,0.3539434138436254,1.1304771987477775
-0.4645096950600025,0.27008838113043876,1.4629671602144512,0.7128879369836908,1.3778804860604894,-1.3874462383788675,-1.3552812398486171,-1.0284959665056204,-0.6684297202821173,2.1326908041796777,1.0389157665823439
1.8452875337089527,-1.9041073692032613,1.2088239172355049,1.4567322510998892,0.357806063241585,-1.6842688003912574,-0.6697982988289571,1.542668538228239,-0.2086511867092692,1.8215932713235188,-0.33450571589916656
-0.5799995564984504,-0.5452350252446987,-0.1635495948508042,0.11982434457825433,-0.20200083776906758,1.120424206200259,0.8491237277928321,-0.11477634912084392,1.8931935381951863,-0.4005085149373491,0.5811086057551738
0.28617440428990837,-1.5779780066532063,1.3613098630228726,0.11982434457825433,-0.09330445213452575,0.9997751806707673,0.6171337432428524,0.8520665018327485,0.5138579374766389,-0.7318191256411961,-1.1585586053880732
-0.34901983362155464,2.090977322034913,-0.7734933780002748,-0.21606469250895247,1.1732690265842722,-0.9190949841896926,-0.6697982988289571,-0.15727493597599096,0.2511273468635819,-0.016422384166277514,-0.24294428373373284
-0.5799995564984504,0.10702369985541169,-1.3326085125539562,-0.7165741272261673,0.12259088225497147,-0.5558135282701412,-1.261154189490648,-0.826627678943849,0.2511273468635819,-0.4659291734053641,0.48954717358974004
0.4594091964475794,-1.2518486441031513,0.7005374312776125,-0.45797139397563447,-0.42091432367128045,-0.40064695195929617,-0.6102609269432557,-0.7788167687318971,-0.27433383436253195,1.1699145613693096,1.1304771987477775
-0.4645096950600025,0.2157334873720962,-1.281779863958167,0.22541591693410137,-0.22380060454922518,-0.2589909662577516,-0.07844240816726707,-0.5981977745976991,0.31680999451684466,-0.20668717137087902,0.30642430925887265
-0.40676476434077885,1.3571862562972892,-1.3834371611497454,-0.8528892563370019,-0.24562062192846684,1.436513464376177,0.2790596471084973,-0.3060199899688286,-0.01160324374947503,-0.20668717137087902,0.2148628770934373
-0.8687242100945698,-0.11039587517795853,-1.3326085125539562,-0.3350668442435679,-0.2893215592214473,-0.5558135282701412,-0.5530589648129944,-0.4760143373892398,0.11976205155705344,-0.5980219147904188,-0.8838743088917704
0.7481338500436988,-0.8170094940364111,0.19225094531972037,0.11982434457825433,0.18697442284646673,0.3080581922550612,0.4006686453501005,0.7989432682638736,-0.7997950155886459,0.29312716929290655,-0.4260671480646003
2.4227368409011913,-0.8170094940364111,1.6662817545976076,0.22541591693410137,-0.13672266601177926,1.3378155600525392,0.9526042152154148,1.542668538228239,-1.3909388444680224,0.4745161674074204,0.031740012762569894
2.884696286654983,-0.5452350252446987,1.564624457406029,-0.5850429846460344,-0.37696810501600153,0.20936028793142325,0.11123527790389993,1.9676544067792374,-1.6536694350810794,-1.0740660336561756,-1.3416814697189405
-0.6954894179368982,0.8136373187138642,-1.027636620979221,-0.5850429846460344,-0.2674609275648184,0.3080581922550612,0.45787060748036174,0.08177961508400469,0.4481752898233731,-0.8673653691302385,-0.8838743088917704
0.4594091964475794,-0.7082997065197261,1.1579952686397155,-0.7165741272261673,-0.355025789530022,-0.9190949841896926,-1.1727354167938804,-1.1028684935020687,-0.6684297202821173,0.23195212476390475,1.8629686560712504
-0.002550249306211046,-0.5995899190030413,0.548051485490245,0.11982434457825433,0.1440716766369032,0.9359231997705247,0.690685281382614,0.6395735675572493,-0.01160324374947503,0.29312716929290655,0.30642430925887265
2.134012187305072,0.5418628499221515,1.1579952686397155,-1.2943698657800562,-0.355025789530022,-1.1364863380419723,-0.4980160897989325,0.6448858909141131,-1.5879867874278166,-0.33549802003305695,-0.059821419402863805
0.40166426572835573,0.7049275311971792,-0.5193501350213287,0.6203337792954684,-0.22380060454922518,-1.3874462383788675,-1.4559047957393745,0.48020386685062477,-0.14296853905600349,-0.664704716765728,-0.059821419402863805
-0.06029518002543575,-0.7082997065197261,0.19225094531972037,-0.5850429846460344,-0.11500352713691192,-0.7273422204469264,-0.6102609269432557,-0.3697678702514902,-0.4713817773223232,0.23195212476390475,0.1233014449280036
2.0762672565858487,-0.8170094940364111,1.2088239172355049,-0.45797139397563447,0.7167498563638367,-0.9190949841896926,-0.8645489050776838,1.542668538228239,-0.4713817773223232,0.652786575054398,-0.059821419402863805
-0.29127490290233093,-0.7626546002780686,0.7513660798734018,-0.45797139397563447,-0.02832724052109811,-0.5558135282701412,-0.7967011797636002,-0.7628797986611874,0.5138579374766389,0.046231220178628976,1.0389157665823439
2.0762672565858487,-0.8713643877947537,2.1237395919597106,-0.1007247325048244,-0.20200083776906758,-0.1286800914503486,-0.6102609269432557,-0.4760143373892398,-2.0477653210006648,-0.016422384166277514,2.1376529525675534
-0.1757850414638831,0.487507956163809,0.39556553970287717,0.4280735379087408,-0.02832724052109811,1.1775534652628536,0.4856516965978687,0.1614644654373169,-0.01160324374947503,-0.20668717137087902,0.30642430925887265
-1.099703932971465,-0.8713643877947537,-0.11272094625501494,-0.5850429846460344,-0.2893215592214473,0.7278083201618196,0.4006686453501005,0.37395739971281616,1.696145595235392,-0.20668717137087902,-0.6091900123954677
-0.23352997218310678,0.27008838113043876,-0.21437824344659331,-0.1007247325048244,-0.24562062192846684,0.8694643058633642,1.3367888414950395,0.08709193844086859,-0.6684297202821173,-0.4659291734053641,-0.8838743088917704
-1.0419590022522414,-0.05604098141961598,-0.8243220265960641,-0.7165741272261673,-0.3112025547670527,-0.008031065920856856,0.03829692584869563,-0.6353840380958643,0.1854446992103162,-0.8673653691302385,-1.0669971732226378
0.6326439886052514,0.4603305092846377,0.03976499953235286,0.803211655487991,-0.006708051678204481,0.4891353975807159,0.9526042152154148,1.808284706072613,-0.01160324374947503,-0.7993707650187795,-0.700751444560903
0.055194681413012626,-0.9257192815530962,0.24307959391550962,-0.21606469250895247,-0.13672266601177926,1.38791233809376,1.08615158636976,-0.15727493597599096,-0.07728589140274073,0.4144050427081428,0.48954717358974004
-0.06029518002543575,-0.8170094940364111,0.24307959391550962,0.11982434457825433,-0.15846190589726822,0.9359231997705247,0.9324871641260891,-0.24227210968616705,-0.27433383436253195,1.1699145613693096,0.48954717358974004
-0.11804011074465942,1.6017832782098302,-0.1635495948508042,-0.3350668442435679,-0.07162540396932138,-1.3874462383788675,-1.4559047957393745,0.26771093257506656,0.38249264217011036,0.7115354006028793,0.2148628770934373
-0.5222546257792262,-0.21910566269464365,-0.41769283782975025,0.6203337792954684,-0.22380060454922518,0.3080581922550612,0.00041263792798731073,-0.05102846883818234,0.38249264217011036,-0.9358087857581127,0.031740012762569894
0.055194681413012626,-1.3062035378614938,0.6497087826818234,-0.8528892563370019,-0.44291830375311186,-0.7273422204469264,-0.8645489050776838,-0.35383090018083957,0.5138579374766389,-0.33549802003305695,0.031740012762569894
4.155084762477908,0.6233951905596653,1.1071666200439263,1.603741404406284,0.16553284489058287,-0.40064695195929617,-0.6697982988289571,3.428543329923472,-2.573226502226779,0.534280828369045,0.5811086057551738
-0.5222546257792262,-0.16475076893630108,1.0055093228523477,-0.45797139397563447,-0.02832724052109811,0.7278083201618196,0.9724475564267431,0.1614644654373169,0.31680999451684466,-0.5317652039154718,-1.2501200375535069
0.6903889193244751,-0.8713643877947537,1.259652565831294,-0.45797139397563447,-0.11500352713691192,-1.1364863380419723,-0.4980160897989325,0.6926968011261241,-0.8654776632419086,-0.9358087857581127,-0.8838743088917704
-0.9842140715330177,1.683315618847344,-1.2309512153623778,-0.1007247325048244,-0.6196961617950487,1.38791233809376,0.3712037425986111,-0.7947537388025477,1.3677323569690725,-0.5980219147904188,1.679845791740383
-0.23352997218310678,-0.9800741753114388,-0.31603554063817185,-0.5850429846460344,-0.3112025547670527,1.9636442735877642,1.4547086394205588,-0.15727493597599096,-0.27433383436253195,-0.4659291734053641,-0.8838743088917704
-1.215193794409913,0.5962177436804941,-0.9259793237876425,0.11982434457825433,-0.13672266601177926,0.20936028793142325,-0.4980160897989325,-0.6991319183785258,1.696145595235392,-0.1428768778651578,1.4051614952440803
-0.7532343486561219,1.3571862562972892,-0.9768079723834316,-0.45797139397563447,0.12259088225497147,-0.40064695195929617,-0.9357075582169517,-0.5822608045269895,0.5795405851299016,-1.2141916792297063,-0.4260671480646003
-0.6377444872176741,0.40597561552629513,-1.281779863958167,-0.5850429846460344,0.18697442284646673,-0.40064695195929617,-0.2502246171972917,-0.9010002059402973,0.973636471049487,-0.7993707650187795,1.222038630913213
-0.4645096950600025,-1.4149133253781787,0.34473689110708816,-0.1007247325048244,-0.8201745937277777,-1.6842688003912574,-2.1003015527539786,-0.8478769723714225,0.5795405851299016,-0.07945686382469022,0.48954717358974004
0.28617440428990837,-0.38217034396967103,0.9038520256607695,0.22541591693410137,-0.4869881985183376,-0.9190949841896926,-1.0105169343653688,-1.0603699066469217,0.054079403903787744,0.8280438170361987,3.236390138552761
-0.9264691408137934,1.1941215750222616,-0.7734933780002748,-0.45797139397563447,-0.02832724052109811,-0.1286800914503486,1.1042693731561144,-0.4760143373892398,0.4481752898233731,-0.8673653691302385,-0.33450571589916656
0.28617440428990837,-0.7082997065197261,0.6497087826818234,-0.21606469250895247,-0.18022128403471893,0.572641743850974,0.4856516965978687,0.6926968011261241,0.8422711757429585,-0.07945686382469022,-1.1585586053880732
-0.11804011074465942,1.8463803001223715,-1.3834371611497454,0.8914099115378438,0.18697442284646673,1.0612170696061296,0.7144006507460107,1.8879695564259842,1.8931935381951863,0.4144050427081428,-0.6091900123954677
0.22842947357068366,1.5746058313306588,-1.281779863958167,-1.620510515218982,-0.37696810501600153,1.574174314760039,0.3712037425986111,-0.7947537388025477,-0.7341123679353802,-0.4659291734053641,-0.6091900123954677
-0.9264691408137934,0.9223471062305488,-0.9768079723834316,1.2644720097131625,-0.44291830375311186,-0.7273422204469264,-1.1727354167938804,-1.7828458831837135,0.7765885280896958,-0.8673653691302385,1.9545300882366843
-0.7532343486561219,0.6505726374388366,-1.281779863958167,-0.3350668442435679,-0.4649429157930352,-0.7273422204469264,-0.5530589648129944,0.26771093257506656,1.0393191187027526,0.10850852433038116,-0.8838743088917704
0.9791135729205945,-0.8170094940364111,0.548051485490245,-0.9943495515789766,1.701596162764568,1.120424206200259,1.2740495735249906,1.2983016638113796,-1.0625256062017028,-0.016422384166277514,-1.7994886305461106
1.4410730186743859,-1.3062035378614938,0.7513660798734018,-0.9943495515789766,-0.07162540396932138,0.572641743850974,-0.44497522344601836,-0.6619456548803606,-0.2086511867092692,0.4745161674074204,1.3136000630786466
0.4594091964475794,0.37879816864712385,-1.3834371611497454,-0.5850429846460344,-0.6418872329019851,-1.3874462383788675,-1.8076307520569563,0.5333271004194996,-0.8654776632419086,-0.1428768778651578,-0.059821419402863805
-1.6771532401637037,1.6561381719681727,-0.9768079723834316,-1.620510515218982,-0.9098283171456374,-0.008031065920856856,1.3213552257212016,-2.2822042787312196,1.696145595235392,1.1699145613693096,2.3207758168984207
-0.8109792793753455,0.5690402968013228,-0.5193501350213287,0.011171724328328785,3.105520827491268,-1.1364863380419723,-1.0105169343653688,-0.3166446366826154,0.5795405851299016,-0.4005085149373491,-0.1513828515682975
1.0368585036398181,-1.1974937503448086,0.8530233770649802,-0.1007247325048244,-0.15846190589726822,0.8001765375260035,0.3104256534278455,1.1176826696771816,0.054079403903787744,0.10850852433038116,-0.700751444560903
0.343919335009132,-1.3062035378614938,0.39556553970287717,-0.5850429846460344,-0.44291830375311186,0.9997751806707673,0.6171337432428524,0.1614644654373169,-0.8654776632419086,3.694551077109105,-0.1513828515682975
-0.34901983362155464,-1.4692682191365212,0.1414222967239311,-0.8528892563370019,-0.6196961617950487,0.6520729520110842,0.03829692584869563,-0.9541234395091721,-0.14296853905600349,-1.2141916792297063,0.30642430925887265
-1.1574488636906892,-0.7626546002780686,-0.9768079723834316,-0.8528892563370019,-0.4649429157930352,-2.0475502563108083,-0.8645489050776838,-0.6885072716647981,0.1854446992103162,-0.4659291734053641,-0.9754357410572041
0.9791135729205945,-1.4692682191365212,1.3613098630228726,-0.5850429846460344,-0.09330445213452575,1.8188362698155356,0.9920245360117905,-1.1613040504278076,-2.179130616307193,-0.1428768778651578,1.222038630913213
-0.06029518002543575,-1.4692682191365212,0.34473689110708816,0.11982434457825433,-0.3112025547670527,0.3080581922550612,0.34113127346439903,-0.4016418103927915,0.5795405851299016,0.7699532450966583,0.7642314700860428
2.3072469794627444,-0.16475076893630108,1.1071666200439263,-0.21606469250895247,0.036470723384357036,-1.3874462383788675,-1.3552812398486171,1.861407939641488,-0.7997950155886459,-1.427995954344743,-0.7923128767263367
-0.5222546257792262,-0.6539448127613838,-0.1635495948508042,-0.7165741272261673,-0.4649429157930352,0.4891353975807159,0.34113127346439903,-0.5822608045269895,0.38249264217011036,-0.20668717137087902,-0.059821419402863805
0.22842947357068366,0.05266880609706913,-0.06189229765922567,0.11982434457825433,0.208396446236977,-0.9190949841896926,-0.2502246171972917,0.48020386685062477,-0.27433383436253195,-0.33549802003305695,-1.0669971732226378
-1.5616633787252565,0.4603305092846377,-1.3834371611497454,-0.9943495515789766,0.036470723384357036,0.3080581922550612,0.6665779047380944,-1.27286284092248,1.7618282428886578,-0.8673653691302385,-0.517628580230034
-0.6377444872176741,-0.2734605564529862,-1.027636620979221,2.440139876210705,0.036470723384357036,-0.40064695195929617,-1.0105169343653688,0.07646729172708182,0.38249264217011036,0.1704140214658878,0.6726700379206074
-0.002550249306211046,-1.2518486441031513,1.1071666200439263,1.303721090205205,0.05803038255708264,-0.2589909662577516,-0.6102609269432557,-0.9116248526540841,-0.27433383436253195,-0.07945686382469022,1.496722927409514
-1.0419590022522414,-0.7082997065197261,-0.8751506751918532,-0.45797139397563447,-0.24562062192846684,1.2861281450260094,0.34113127346439903,-0.6141347446683497,0.31680999451684466,-1.1438921559162405,-0.9754357410572041
0.1129396121322363,-0.8713643877947537,0.24307959391550962,-0.7165741272261673,-0.4649429157930352,1.0612170696061296,0.45787060748036174,-1.13474243364337,0.4481752898233731,0.4144050427081428,1.222038630913213
-1.099703932971465,0.5418628499221515,-0.31603554063817185,-0.9943495515789766,-0.15846190589726822,-0.1286800914503486,-0.20534528910191016,0.10302890851157821,1.7618282428886578,0.046231220178628976,-0.6091900123954677
-1.1574488636906892,2.6617037064975095,-1.3834371611497454,-0.45797139397563447,-0.09330445213452575,0.4011130516741887,-0.6102609269432557,-1.2356765774242557,1.8275108905419206,-0.664704716765728,0.6726700379206074
-0.40676476434077885,-0.5995899190030413,-0.9768079723834316,0.32811420243229655,-0.07162540396932138,0.20936028793142325,0.3712037425986111,0.055217998299567285,-0.6684297202821173,-0.4005085149373491,-0.4260671480646003
2.653716563778087,-0.9800741753114388,1.1071666200439263,2.60926268031359,-0.4649429157930352,-1.3874462383788675,-0.07844240816726707,2.4988867424681036,-0.7341123679353802,0.046231220178628976,1.4051614952440803
-0.6954894179368982,-1.4149133253781787,1.6662817545976076,-0.3350668442435679,-0.2893215592214473,0.4011130516741887,-0.5530589648129944,0.7670693281225723,0.4481752898233731,0.4144050427081428,0.1233014449280036
-0.7532343486561219,0.05266880609706913,-1.3834371611497454,-0.3350668442435679,-0.18022128403471893,1.70109701597209,0.5659543488473384,-0.5822608045269895,0.5138579374766389,1.113713123125465,0.8557929022514765
-0.8687242100945698,0.7592824249555218,-1.281779863958167,-0.7165741272261673,-0.8201745937277777,-1.3874462383788675,-1.6807278711223133,-0.26352140311374056,1.1050017663560154,-0.8673653691302385,-0.8838743088917704
-0.11804011074465942,1.3571862562972892,-0.21437824344659331,0.22541591693410137,-0.6196961617950487,-1.3874462383788675,-1.261154189490648,0.1614644654373169,0.38249264217011036,-0.5980219147904188,0.7642314700860428
-1.099703932971465,1.9279126407598854,-1.3834371611497454,-0.1007247325048244,1.6412383213661121,-1.1364863380419723,-1.5639885371063507,-0.6300717147390004,1.6304629475821293,-0.9358087857581127,0.30642430925887265
2.3072469794627444,-1.4149133253781787,1.1071666200439263,0.7128879369836908,-0.18022128403471893,1.1775534652628536,0.3104256534278455,1.3832988375215556,-0.7341123679353802,0.8858107629408075,-0.24294428373373284
-1.272938725129137,-0.001686087661273423,-0.9768079723834316,-0.5850429846460344,-0.22380060454922518,0.9359231997705247,0.2790596471084973,-0.7522551519474007,1.8931935381951863,0.1704140214658878,-0.1513828515682975
0.1129396121322363,-0.4908801314863561,1.1579952686397155,-0.5850429846460344,5.411296724219072,0.20936028793142325,0.03829692584869563,-0.18914887611729225,-1.982082673347402,2.484220738751439,-0.9754357410572041
0.40166426572835573,1.5746058313306588,-0.6718360808086963,0.22541591693410137,0.036470723384357036,-0.5558135282701412,-0.6697982988289571,0.9051897354016233,0.5138579374766389,-0.1428768778651578,-0.6091900123954677
-0.7532343486561219,-0.21910566269464365,1.1071666200439263,2.497366223480436,-0.5975260355436159,1.0612170696061296,1.70161485367597,0.37395739971281616,0.1854446992103162,0.652786575054398,0.031740012762569894
0.343919335009132,0.487507956163809,-0.46852148642553954,1.303721090205205,1.8418308898590345,2.1592412346891807,1.963533787508771,1.011436202539432,-0.9968429585484371,1.3367139753146375,-1.1585586053880732
-0.9264691408137934,1.1941215750222616,-1.3326085125539562,0.011171724328328785,-0.20200083776906758,0.4011130516741887,-0.20534528910191016,-0.6353840380958643,1.5647802999288636,-0.27089257757012963,2.1376529525675534
-0.1757850414638831,-0.5452350252446987,0.4463941882986664,-0.1007247325048244,-0.2674609275648184,-0.40064695195929617,0.3712037425986111,0.48020386685062477,0.1854446992103162,-1.2849710664843619,-0.9754357410572041
0.5748990578860278,-0.5452350252446987,0.8530233770649802,-0.5850429846460344,-0.049966345708440225,-0.5558135282701412,-0.7318699251848588,0.20396305229240497,-0.2086511867092692,-0.664704716765728,-0.8838743088917704
-0.4645096950600025,-0.16475076893630108,0.4463941882986664,2.771082900346267,-0.355025789530022,0.4011130516741887,1.4547086394205588,0.5864503339883744,0.2511273468635819,0.8858107629408075,0.031740012762569894
1.3255831572359376,-0.5995899190030413,1.0563379714481371,0.32811420243229655,-0.4869881985183376,-1.3874462383788675,-1.0105169343653688,0.26771093257506656,-0.6684297202821173,1.2814117643803615,0.7642314700860428
0.28617440428990837,0.5962177436804941,-0.5193501350213287,0.5254362311351806,-0.07162540396932138,0.9997751806707673,1.8054228280384346,0.7883186215500869,-0.5370644249755889,-0.7318191256411961,-0.7923128767263367
-0.8109792793753455,-0.4908801314863561,-1.3834371611497454,-1.2943698657800562,-0.37696810501600153,1.38791233809376,0.03829692584869563,-1.230364254067333,0.054079403903787744,-0.4659291734053641,0.8557929022514765
1.9030324644281764,-0.32781545021132874,0.8530233770649802,-0.9943495515789766,1.255327614911325,1.574174314760039,0.45787060748036174,0.8839404419741087,0.4481752898233731,1.2258130254288109,-0.517628580230034
0.343919335009132,0.487507956163809,-0.41769283782975025,1.3810073940418799,1.7216810267669589,2.128230452791883,1.9931984660404012,1.011436202539432,-0.9311603108951743,1.6088855054858067,-1.1585586053880732
0.8058787807629224,-1.1431388565864662,1.3613098630228726,0.11982434457825433,0.1440716766369032,1.1775534652628536,1.1573102395090278,0.9051897354016233,-0.2086511867092692,1.0003880610202125,-0.7923128767263367
-0.8109792793753455,1.683315618847344,-0.31603554063817185,1.5309575070424863,-0.2893215592214473,0.3080581922550612,0.8055842831914454,0.91581438211541,1.4334150046223353,0.4144050427081428,-1.1127778893053555
-0.40676476434077885,-0.7082997065197261,0.09059364812814184,-0.5850429846460344,-0.20200083776906758,1.232745761782915,0.8275164721387539,0.21458769900619173,0.9079538233962242,-0.4005085149373491,-0.8838743088917704
-1.5039184480060321,0.37879816864712385,-1.3834371611497454,-1.2943698657800562,-0.531140931480354,-0.2589909662577516,-1.0105169343653688,-2.5425081232187297,0.9079538233962242,-0.5980219147904188,1.5882843595749478
0.055194681413012626,0.7321049780763504,1.7171104031933968,-0.45797139397563447,0.5274042514338484,-0.008031065920856856,1.3520608457577545,0.1614644654373169,-0.9968429585484371,-0.7318191256411961,-1.2501200375535069
-0.8109792793753455,1.2756539156597755,-0.46852148642553954,0.011171724328328785,3.1433457100926194,-1.2571353635714644,0.3712037425986111,-0.3060199899688286,0.5795405851299016,-0.33549802003305695,-0.1513828515682975
-0.8109792793753455,-0.9257192815530962,-0.11272094625501494,0.011171724328328785,0.22979895069687156,-1.3874462383788675,-1.1727354167938804,-0.15727493597599096,0.6452232327831673,-0.33549802003305695,-0.33450571589916656
0.6326439886052514,-1.034429069069781,0.4972228368944557,-0.21606469250895247,-0.2674609275648184,-1.3874462383788675,-1.4559047957393745,0.6926968011261241,-0.6027470726288516,-0.20668717137087902,-1.1585586053880732
0.28617440428990837,0.4331530624054664,0.1414222967239311,0.4280735379087408,0.014891257448007542,0.4011130516741887,0.3104256534278455,0.48020386685062477,-0.34001648201579765,-0.9358087857581127,-1.0669971732226378
-0.1757850414638831,1.1669441281430903,1.4629671602144512,-0.45797139397563447,0.6538040919789003,1.2861281450260094,1.8492896860614758,0.055217998299567285,-0.4713817773223232,0.046231220178628976,-0.9754357410572041
-0.29127490290233093,-0.16475076893630108,-0.5193501350213287,-0.9943495515789766,-0.11500352713691192,0.7278083201618196,1.4547086394205588,-0.3697678702514902,0.5138579374766389,-1.1438921559162405,-0.8838743088917704
1.7297976722705053,-0.9257192815530962,1.9712536461723433,0.011171724328328785,0.7586201829934881,-2.0475502563108083,-2.1003015527539786,-0.1466502892622042,-0.7341123679353802,-0.7993707650187795,1.3136000630786466
0.17068454285145998,-0.43652523772801355,0.19225094531972037,0.22541591693410137,-0.02832724052109811,0.7278083201618196,0.42955004616116593,0.7989432682638736,0.38249264217011036,1.5008726540982684,-0.517628580230034
0.5748990578860278,1.0038794468680627,-0.1635495948508042,-0.3350668442435679,-0.37696810501600153,-1.3874462383788675,-0.8645489050776838,-0.05102846883818234,-1.259573549161494,-0.4005085149373491,-0.517628580230034
-0.06029518002543575,-0.5452350252446987,0.09059364812814184,-0.9943495515789766,-0.13672266601177926,1.120424206200259,0.2790596471084973,-0.35383090018083957,-0.4056991296690604,-0.7318191256411961,-0.1513828515682975
-1.272938725129137,1.0038794468680627,-0.8751506751918532,0.22541591693410137,-0.7531581516359706,-0.008031065920856856,-0.44497522344601836,-1.6341008291908758,1.696145595235392,-1.0047069792537324,1.3136000630786466
-1.734898170882928,1.0038794468680627,-0.41769283782975025,-1.1413587048853713,1.5402959785700823,-0.9190949841896926,0.7377365578773624,-1.4587941584135418,2.0245588335017146,-0.27089257757012963,0.48954717358974004
-0.9842140715330177,2.335574343947454,-1.3834371611497454,-0.7165741272261673,-0.11500352713691192,-1.3874462383788675,-1.1727354167938804,-1.6447254759046037,1.236367061662544,-1.427995954344743,1.3136000630786466
0.28617440428990837,-0.32781545021132874,1.1071666200439263,0.5254362311351806,-0.049966345708440225,0.4011130516741887,1.5638034470884326,0.7989432682638736,-0.14296853905600349,-0.33549802003305695,-0.6091900123954677
1.4410730186743859,-0.16475076893630108,0.9546806742565588,0.11982434457825433,-0.3112025547670527,-1.3874462383788675,-0.44497522344601836,1.808284706072613,-1.7193520827343451,-0.07945686382469022,-0.8838743088917704
-0.5222546257792262,-0.05604098141961598,-0.7226647294044856,0.011171724328328785,-0.20200083776906758,1.4837056621198097,0.7144006507460107,-0.7522551519474007,0.7765885280896958,-0.4005085149373491,0.30642430925887265
0.7481338500436988,0.05266880609706913,0.7513660798734018,0.011171724328328785,-0.13672266601177926,0.9997751806707673,0.4856516965978687,0.1614644654373169,-0.7341123679353802,0.3539434138436254,0.8557929022514765
-0.34901983362155464,0.7049275311971792,-1.1801225667665884,-0.9943495515789766,-1.0675504724606855,-1.6842688003912574,-1.9466371305103072,-0.26352140311374056,0.5795405851299016,-1.2141916792297063,-0.9754357410572041
-0.5799995564984504,-0.7626546002780686,0.19225094531972037,0.011171724328328785,-0.2893215592214473,-0.5558135282701412,0.3104256534278455,-0.26352140311374056,0.6452232327831673,-0.7318191256411961,-0.9754357410572041
-0.40676476434077885,-0.5452350252446987,0.6497087826818234,0.32811420243229655,-0.11500352713691192,-1.1364863380419723,-1.6807278711223133,-0.6991319183785258,0.8422711757429585,-0.7318191256411961,1.5882843595749478
-0.23352997218310678,-1.5779780066532063,0.6497087826818234,-0.9943495515789766,-0.6863323682429516,-0.2589909662577516,-0.5530589648129944,0.0020947647306924716,0.054079403903787744,1.2814117643803615,-1.6163657662152433
1.4988179493936096,-1.741042687928234,1.1071666200439263,0.4280735379087408,0.014891257448007542,-0.2589909662577516,-0.20534528910191016,0.26771093257506656,-0.6027470726288516,0.1704140214658878,1.1304771987477775
-0.9842140715330177,1.9007351938807142,-1.1801225667665884,-0.21606469250895247,-0.4649429157930352,-0.1286800914503486,-0.8645489050776838,-0.17852422940350549,1.4334150046223353,-0.5980219147904188,-0.517628580230034
0.343919335009132,-0.9800741753114388,0.6497087826818234,1.1441968904207247,0.48511936689198804,-0.1286800914503486,-0.6102609269432557,-0.6406963614527872,-0.5370644249755889,0.29312716929290655,1.4051614952440803
0.5171541271668031,-0.5452350252446987,1.259652565831294,-0.1007247325048244,-0.09330445213452575,0.10429048966179916,-0.6697982988289571,0.48020386685062477,0.2511273468635819,-0.27089257757012963,0.7642314700860428
-0.40676476434077885,0.8408147655930356,-0.21437824344659331,-0.1007247325048244,0.5062713242147311,0.6520729520110842,1.1745703590665282,-0.15727493597599096,-0.6684297202821173,-0.27089257757012963,-1.0669971732226378
-0.9264691408137934,1.7648479594848578,-1.281779863958167,-0.5850429846460344,-0.5090541907654498,1.232745761782915,0.03829692584869563,-1.049745259933135,-0.07728589140274073,-0.5980219147904188,0.260643593176155
-0.40676476434077885,2.009444981397399,-1.07846526957501,0.11982434457825433,-0.18022128403471893,-1.3874462383788675,-1.8076307520569563,0.0020947647306924716,0.5138579374766389,-0.5980219147904188,-0.6091900123954677
-0.6954894179368982,1.031056893747234,-1.3834371611497454,-0.7165741272261673,0.7586201829934881,-1.1364863380419723,-1.3552812398486171,-0.2263351396155164,0.9079538233962242,-0.4659291734053641,-0.6091900123954677
-0.6377444872176741,-0.9257192815530962,0.9546806742565588,-0.3350668442435679,-0.2893215592214473,0.9359231997705247,0.247004223106429,-0.7203812118060994,0.5795405851299016,1.1699145613693096,0.48954717358974004
0.5171541271668031,-0.001686087661273423,-0.1635495948508042,0.22541591693410137,-0.20200083776906758,1.1775534652628536,1.9023305524143894,0.6289489208434624,-0.6684297202821173,-0.5317652039154718,-0.8838743088917704
-0.7532343486561219,-0.8170094940364111,1.1071666200439263,0.11982434457825433,0.208396446236977,1.436513464376177,1.191628601250788,-0.26352140311374056,0.5138579374766389,0.7115354006028793,0.8557929022514765
-0.4645096950600025,1.2212990219014328,-1.3834371611497454,-0.5850429846460344,-0.07162540396932138,-1.1364863380419723,-1.5639885371063507,0.01271941144447923,0.1854446992103162,-1.0740660336561756,-0.700751444560903
-0.29127490290233093,0.07984625297624041,-0.7734933780002748,0.11982434457825433,-0.42091432367128045,-0.2589909662577516,-0.07844240816726707,-0.3697678702514902,0.1854446992103162,-0.27089257757012963,1.0389157665823439
-0.002550249306211046,1.7104930657265152,-1.3326085125539562,-0.21606469250895247,-0.37696810501600153,-1.3874462383788675,-1.3552812398486171,0.0020947647306924716,0.054079403903787744,-0.4659291734053641,0.48954717358974004
-0.8687242100945698,2.063799875155742,-1.07846526957501,-0.45797139397563447,-0.5975260355436159,-1.6842688003912574,-1.6807278711223133,-0.4122664571065783,1.4334150046223353,-0.07945686382469022,0.3979857414243063
-1.3884285865675843,-1.3062035378614938,-0.11272094625501494,5.421597828904623,-0.44291830375311186,2.680479356419875,2.106168185446483,0.2730232559319894,0.11976205155705344,-0.7318191256411961,-0.1513828515682975
0.5748990578860278,-0.7082997065197261,1.1071666200439263,0.11982434457825433,-0.049966345708440225,1.6598791986027075,1.9332531895007643,0.5864503339883744,-0.6027470726288516,-0.664704716765728,-0.9754357410572041
0.6326439886052514,0.8408147655930356,-0.8243220265960641,0.32811420243229655,-0.22380060454922518,-1.1364863380419723,-0.2502246171972917,0.9051897354016233,-0.7997950155886459,0.29312716929290655,-0.33450571589916656
0.5748990578860278,-0.7626546002780686,0.6497087826818234,0.22541591693410137,-0.3112025547670527,-0.40064695195929617,-0.4980160897989325,0.9051897354016233,0.1854446992103162,0.5937029965568988,-0.24294428373373284
-0.29127490290233093,0.5962177436804941,-1.3834371611497454,-0.5850429846460344,-0.3331039521762617,1.120424206200259,0.5659543488473384,-0.26352140311374056,-0.01160324374947503,-0.1428768778651578,0.48954717358974004
0.343919335009132,0.35162072176795256,0.7005374312776125,3.618024987929945,-0.02832724052109811,1.2861281450260094,1.5506045960968082,1.6489150053659887,-0.27433383436253195,-0.5317652039154718,-1.0669971732226378
-0.002550249306211046,-0.001686087661273423,-1.3834371611497454,-1.2943698657800562,-0.37696810501600153,-1.1364863380419723,-1.3552812398486171,-0.40695413374971434,-0.4056991296690604,-0.07945686382469022,-0.4260671480646003
0.5748990578860278,0.4331530624054664,-0.06189229765922567,0.9775804407662793,0.05803038255708264,0.9997751806707673,1.2251579648231121,1.6223533885815513,-0.4713817773223232,-0.20668717137087902,-0.700751444560903
-0.1757850414638831,-0.8170094940364111,0.8530233770649802,-0.5850429846460344,0.22979895069687156,-1.1364863380419723,-1.261154189490648,-0.5822608045269895,-0.07728589140274073,-0.07945686382469022,0.8557929022514765
2.4804817716204153,-0.6539448127613838,1.3613098630228726,0.4280735379087408,0.3365199294607897,0.572641743850974,0.14638066721567233,1.4311097477335666,-0.6684297202821173,0.652786575054398,0.7642314700860428
1.3255831572359376,2.68888115337668,0.8021947284691909,0.4280735379087408,-0.15846190589726822,0.7278083201618196,1.1745703590665282,0.9583129689705571,-1.6536694350810794,-0.5317652039154718,-0.33450571589916656
-0.8687242100945698,-0.6539448127613838,0.19225094531972037,3.979098350027141,-0.07162540396932138,1.0612170696061296,0.2790596471084973,0.8201925616914472,0.4481752898233731,-0.07945686382469022,-0.33450571589916656
-0.6377444872176741,-0.8170094940364111,0.1414222967239311,-0.7165741272261673,-0.3112025547670527,1.3378155600525392,0.9120887465690947,0.08177961508400469,0.7109058804364301,-0.4005085149373491,-0.8838743088917704
-0.6377444872176741,-1.0887839628281235,0.2939082425112989,-0.8528892563370019,-0.5753768146477115,-2.0475502563108083,-1.4559047957393745,-0.3697678702514902,-0.5370644249755889,2.484220738751439,-0.4260671480646003
-0.11804011074465942,-0.8170094940364111,1.0563379714481371,-0.7165741272261673,1.4592286089929456,-1.3874462383788675,-1.0893719804606232,0.48020386685062477,-0.07728589140274073,2.234349853460861,-0.9754357410572041
-0.8109792793753455,0.7592824249555218,-1.07846526957501,-0.3350668442435679,-0.15846190589726822,-0.7273422204469264,-0.16180584450052413,0.9317513521860606,2.4186547194213,0.3539434138436254,-0.7923128767263367
-0.8109792793753455,0.10702369985541169,-0.6210074322129072,-0.21606469250895247,-0.24562062192846684,0.572641743850974,0.11123527790389993,-0.3166446366826154,0.6452232327831673,-0.4005085149373491,-0.33450571589916656
1.8452875337089527,-0.5995899190030413,1.0563379714481371,0.22541591693410137,-0.22380060454922518,-0.7273422204469264,-0.8645489050776838,0.9689376156842848,-1.456621492121288,-0.7993707650187795,0.48954717358974004
0.4594091964475794,1.2756539156597755,-1.1801225667665884,-0.9943495515789766,-0.20200083776906758,-1.6842688003912574,-1.3552812398486171,0.6926968011261241,-0.14296853905600349,-0.7318191256411961,-0.700751444560903
-1.5616633787252565,-1.1974937503448086,2.581197429321814,5.549536970310982,-0.2893215592214473,0.8694643058633642,1.3057565414077013,0.03928102822891664,0.5138579374766389,-1.1438921559162405,0.031740012762569894
-0.9842140715330177,-0.4908801314863561,-0.9259793237876425,-0.21606469250895247,-0.531140931480354,-0.5558135282701412,-1.0105169343653688,-1.1984903139260317,0.7109058804364301,0.23195212476390475,0.7642314700860428
-0.5799995564984504,-0.898541834673925,1.1071666200439263,0.11982434457825433,0.014891257448007542,1.70109701597209,1.5102758585282188,-0.05102846883818234,0.31680999451684466,0.7699532450966583,0.48954717358974004
-0.6377444872176741,-1.034429069069781,-0.31603554063817185,0.11982434457825433,-0.2674609275648184,1.7805282241322,0.870415537770188,-0.4441403972479385,0.38249264217011036,-0.7318191256411961,-0.33450571589916656
0.343919335009132,0.32444327488878133,1.1579952686397155,-0.45797139397563447,4.855723223996499,1.120424206200259,1.122164850197256,-0.15727493597599096,-1.785034730387608,4.738605287849135,-0.8838743088917704
1.3833280879551613,0.7592824249555218,-0.26520689204238257,0.32811420243229655,0.42154897079814674,0.4011130516741887,-0.1195285921723223,1.9676544067792374,-0.2086511867092692,1.8740953580282613,-0.517628580230034
0.22842947357068366,-0.6539448127613838,0.7005374312776125,2.8235068729193626,-0.20200083776906758,0.9997751806707673,0.18069902895743245,-0.7416305052336729,-0.4713817773223232,0.7115354006028793,1.9545300882366843
0.343919335009132,-1.360558431619836,0.9038520256607695,-0.8528892563370019,-0.44291830375311186,-0.9190949841896926,-1.5639885371063507,-1.676599416045964,-0.4056991296690604,-0.664704716765728,1.679845791740383
-1.9081329630405994,-0.8170094940364111,-1.3326085125539562,-0.9943495515789766,-0.8649586816877393,1.0612170696061296,0.690685281382614,-3.110926722405702,2.5500200147278287,0.5937029965568988,3.236390138552761
-0.1757850414638831,0.32444327488878133,-0.5701787836171179,-0.7165741272261673,-0.4869881985183376,-2.0475502563108083,-1.1727354167938804,-0.26352140311374056,0.7109058804364301,1.555019722161483,0.031740012762569894
-0.29127490290233093,-0.001686087661273423,-1.1801225667665884,-0.8528892563370019,-0.24562062192846684,0.4011130516741887,-0.2502246171972917,-0.15727493597599096,0.11976205155705344,-0.5980219147904188,-0.4260671480646003
-0.40676476434077885,-0.6539448127613838,-0.6718360808086963,0.6203337792954684,-0.006708051678204481,0.7278083201618196,0.21422839252975528,-0.15727493597599096,0.054079403903787744,-0.5317652039154718,0.031740012762569894
-1.0419590022522414,-0.7626546002780686,-0.21437824344659331,3.782809894455851,-0.7978145282414378,1.1775534652628536,1.2899892194018534,-0.7947537388025477,0.8422711757429585,-0.664704716765728,1.496722927409514
-0.29127490290233093,-0.5452350252446987,0.24307959391550962,0.4280735379087408,-0.15846190589726822,1.232745761782915,0.6420653431817784,0.37395739971281616,-0.01160324374947503,-0.07945686382469022,-0.1513828515682975
2.134012187305072,-0.43652523772801355,1.4121385116186618,-0.45797139397563447,-0.3112025547670527,0.9997751806707673,0.4006686453501005,1.5957917717971137,-1.3909388444680224,0.652786575054398,-0.1513828515682975
0.17068454285145998,0.10702369985541169,-0.9259793237876425,0.8914099115378438,-0.42091432367128045,-0.7273422204469264,-1.0893719804606232,0.34739578292837875,-0.5370644249755889,-1.427995954344743,-0.4260671480646003
-0.34901983362155464,0.9495245531097201,-0.8751506751918532,0.22541591693410137,-0.07162540396932138,-0.5558135282701412,-0.4980160897989325,0.48020386685062477,0.5138579374766389,-1.0740660336561756,-0.700751444560903
-0.5799995564984504,0.8951696593513775,-1.3834371611497454,0.11982434457825433,-0.2674609275648184,-2.0475502563108083,-1.4559047957393745,0.6926968011261241,1.1706844140092811,-0.8673653691302385,-1.1585586053880732
1.2100932957974901,-0.6539448127613838,1.4121385116186618,0.803211655487991,-0.24562062192846684,0.8001765375260035,0.539675023803452,1.542668538228239,-1.0625256062017028,1.3917228044397523,-0.517628580230034
0.22842947357068366,0.786459871834693,-0.8751506751918532,-0.9943495515789766,0.05803038255708264,-1.6842688003912574,-1.6807278711223133,0.4005190164972536,-0.01160324374947503,-0.016422384166277514,-0.8380935928090527
-1.5616633787252565,-0.16475076893630108,-0.9259793237876425,-0.1007247325048244,-0.8425559646632533,0.4011130516741887,1.4115982176434574,-1.5916022423357288,2.0902414811549774,-0.1428768778651578,2.3207758168984207
-0.002550249306211046,-1.034429069069781,0.6497087826818234,0.011171724328328785,-0.4869881985183376,0.9359231997705247,0.3712037425986111,-0.6141347446683497,0.1854446992103162,1.2258130254288109,0.48954717358974004
0.4594091964475794,-1.5236231128948639,0.34473689110708816,-0.45797139397563447,-0.355025789530022,1.9286318096471193,0.8491237277928321,0.5280147770625767,0.8422711757429585,1.2258130254288109,-0.24294428373373284
0.6903889193244751,1.3571862562972892,-0.26520689204238257,-0.5850429846460344,-0.22380060454922518,-1.1364863380419723,-0.20534528910191016,1.1176826696771816,-0.34001648201579765,-0.5980219147904188,0.1233014449280036
-0.34901983362155464,2.5801713658599947,-0.6210074322129072,-0.3350668442435679,0.3152144885265268,-0.2589909662577516,-0.20534528910191016,-0.3485185768239167,-0.5370644249755889,-1.1438921559162405,-0.4260671480646003
2.134012187305072,-0.8170094940364111,1.4629671602144512,-0.3350668442435679,0.12259088225497147,-1.1364863380419723,-0.6102609269432557,1.3567372207371182,-1.1282082538549656,0.3539434138436254,0.3979857414243063
-0.8109792793753455,0.5418628499221515,-1.281779863958167,-0.5850429846460344,-0.20200083776906758,0.4891353975807159,-0.2965289215473455,0.22521234571997847,0.5795405851299016,0.5937029965568988,-0.6091900123954677
0.40166426572835573,-0.2734605564529862,0.24307959391550962,0.4280735379087408,-0.07162540396932138,0.7278083201618196,1.7135207408589455,0.9051897354016233,0.054079403903787744,-0.20668717137087902,-0.9754357410572041
-0.4645096950600025,3.178075197201763,-0.8751506751918532,0.7128879369836908,-0.02832724052109811,-1.3874462383788675,-1.5639885371063507,-0.4760143373892398,1.499097652275601,-0.33549802003305695,0.6726700379206074
0.9213686422013708,-0.001686087661273423,1.51379580881024,0.011171724328328785,0.12259088225497147,1.2861281450260094,0.4856516965978687,0.21458769900619173,-0.7997950155886459,0.652786575054398,1.0389157665823439
-0.11804011074465942,1.0582343406264052,-0.26520689204238257,-0.21606469250895247,-0.3331039521762617,-0.2589909662577516,0.14638066721567233,0.0020947647306924716,0.31680999451684466,-0.664704716765728,-1.2501200375535069
-0.5799995564984504,1.1125892343847477,-1.3834371611497454,-0.21606469250895247,-0.15846190589726822,0.4891353975807159,-0.3937958290505031,0.5067654836350621,0.6452232327831673,-0.33549802003305695,-0.9754357410572041
-0.11804011074465942,1.8463803001223715,-1.3834371611497454,-0.21606469250895247,-0.07162540396932138,-0.40064695195929617,-0.2502246171972917,-0.07227776226575586,-0.4056991296690604,-1.0047069792537324,-0.6091900123954677
-0.34901983362155464,-1.6323329004115488,0.4972228368944557,-0.7165741272261673,-0.9098283171456374,0.8694643058633642,0.690685281382614,0.21458769900619173,0.6452232327831673,0.3539434138436254,1.496722927409514
0.055194681413012626,-0.8713643877947537,1.3104812144270834,-0.7165741272261673,6.15436865725242,-0.5558135282701412,-0.4980160897989325,0.6395735675572493,-1.6536694350810794,2.284808055081103,-1.2501200375535069
0.9791135729205945,0.27008838113043876,-0.26520689204238257,-0.5850429846460344,-0.15846190589726822,-0.5558135282701412,-0.20534528910191016,0.37395739971281616,-1.1938909015082313,-0.664704716765728,-0.8838743088917704
0.343919335009132,-0.16475076893630108,-0.31603554063817185,-0.21606469250895247,0.014891257448007542,0.7278083201618196,0.07522201407640439,0.11896587858222886,0.11976205155705344,1.0572054085019418,0.5811086057551738
2.3072469794627444,-0.7626546002780686,1.8187677003849754,-0.1007247325048244,0.07957027129221486,-1.1364863380419723,-1.0105169343653688,1.9676544067792374,-0.9968429585484371,-1.0740660336561756,-0.8838743088917704
1.2100932957974901,-1.4692682191365212,1.0563379714481371,-0.5850429846460344,-0.4649429157930352,-1.1364863380419723,-1.8076307520569563,0.28896022600264004,0.11976205155705344,1.2814117643803615,0.3979857414243063
-0.6377444872176741,0.487507956163809,-1.07846526957501,0.32811420243229655,-0.22380060454922518,0.20936028793142325,1.191628601250788,0.40583133985417646,1.3020497093158068,-0.7318191256411961,-0.8838743088917704
-0.29127490290233093,0.37879816864712385,-0.06189229765922567,-0.45797139397563447,-0.15846190589726822,1.3378155600525392,1.8165138554848015,-0.2528967563999538,-0.6684297202821173,-0.8673653691302385,-0.517628580230034
1.0368585036398181,-1.1974937503448086,0.39556553970287717,-0.9943495515789766,-0.2674609275648184,-0.5558135282701412,-0.3937958290505031,0.01271941144447923,-0.4713817773223232,1.0572054085019418,0.6726700379206074
0.5748990578860278,-0.9257192815530962,0.5988801340860342,-1.1413587048853713,-0.15846190589726822,1.7805282241322,0.5659543488473384,-0.09352705569332938,1.0393191187027526,0.4745161674074204,0.3979857414243063
-0.11804011074465942,0.7049275311971792,-0.26520689204238257,-0.21606469250895247,-0.3989309369289859,-0.5558135282701412,-0.6697982988289571,0.055217998299567285,-0.07728589140274073,2.966593292339948,-0.1513828515682975
-0.8687242100945698,1.3843637031764606,-1.3834371611497454,0.011171724328328785,0.357806063241585,0.10429048966179916,-0.2965289215473455,-0.05102846883818234,1.3677323569690725,-0.664704716765728,0.2148628770934373
0.8636237114821471,-1.2518486441031513,0.5988801340860342,-0.8528892563370019,-0.553248459718999,-2.0475502563108083,-1.9466371305103072,-1.007246673078047,-1.1282082538549656,-0.5317652039154718,0.9473543344169102
-0.06029518002543575,-0.11039587517795853,-0.1635495948508042,-0.45797139397563447,-0.18022128403471893,0.3080581922550612,1.2084896339045432,0.5014531602781394,0.1854446992103162,-0.07945686382469022,-0.8838743088917704
-0.9842140715330177,0.9495245531097201,-1.027636620979221,-0.9943495515789766,-0.24562062192846684,-1.1364863380419723,-1.261154189490648,-0.26352140311374056,0.8422711757429585,-0.4659291734053641,0.2148628770934373
1.2100932957974901,-0.8170094940364111,0.9546806742565588,-0.3350668442435679,0.357806063241585,-1.1364863380419723,-1.8076307520569563,-0.029779175410667803,-1.259573549161494,-0.016422384166277514,1.222038630913213
-0.8687242100945698,-0.21910566269464365,-0.26520689204238257,-0.1007247325048244,-0.355025789530022,-0.008031065920856856,-0.6102609269432557,-1.230364254067333,0.6452232327831673,1.0572054085019418,0.7642314700860428
-0.5799995564984504,0.10702369985541169,-1.2309512153623778,-0.9943495515789766,-0.3331039521762617,0.4011130516741887,0.18069902895743245,-0.5822608045269895,0.38249264217011036,-1.1438921559162405,-1.3416814697189405
2.4804817716204153,-0.7626546002780686,1.1071666200439263,0.11982434457825433,-0.15846190589726822,-0.7273422204469264,-0.8645489050776838,1.3301756039526809,-1.5879867874278166,1.0003880610202125,-0.1513828515682975
0.9213686422013708,-0.16475076893630108,-0.1635495948508042,-0.1007247325048244,0.3365199294607897,-1.1364863380419723,-1.3552812398486171,0.5864503339883744,0.1854446992103162,-0.8673653691302385,-0.4260671480646003
1.3255831572359376,-1.360558431619836,0.5988801340860342,5.931855651270118,-0.3989309369289859,-1.1364863380419723,-0.6697982988289571,3.1363655452946015,-1.259573549161494,0.046231220178628976,-1.1585586053880732
-0.34901983362155464,0.7592824249555218,-0.21437824344659331,-0.3350668442435679,0.014891257448007542,0.4011130516741887,1.3671745880615889,-0.26352140311374056,0.054079403903787744,-1.1438921559162405,-0.8838743088917704
-1.3884285865675843,-0.7354771533988973,-0.7226647294044856,0.011171724328328785,-0.6863323682429516,0.10429048966179916,-0.3937958290505031,-1.6341008291908758,2.0245588335017146,0.10850852433038116,1.7714072239058167
0.4594091964475794,0.5962177436804941,-0.21437824344659331,0.7128879369836908,0.16553284489058287,-0.008031065920856856,0.03829692584869563,1.6489150053659887,-0.2086511867092692,-0.4005085149373491,-0.700751444560903
-0.002550249306211046,0.6505726374388366,-0.8751506751918532,0.5254362311351806,0.036470723384357036,0.4011130516741887,0.11123527790389993,0.7086337711967747,-0.14296853905600349,-0.664704716765728,-0.8838743088917704
-1.215193794409913,0.9223471062305488,-0.6210074322129072,2.202075566610983,-0.24562062192846684,-0.008031065920856856,-0.44497522344601836,-0.2528967563999538,1.499097652275601,-0.33549802003305695,1.3136000630786466
-0.4645096950600025,-0.001686087661273423,-1.07846526957501,0.22541591693410137,-0.02832724052109811,0.6520729520110842,0.247004223106429,-0.10415170240705715,0.4481752898233731,-0.4005085149373491,0.2148628770934373
0.17068454285145998,0.5418628499221515,-0.5193501350213287,0.5254362311351806,0.2511819717635753,0.7278083201618196,1.6775074770314506,0.6926968011261241,-1.456621492121288,-0.8673653691302385,-1.0669971732226378
0.28617440428990837,0.4331530624054664,-0.6718360808086963,0.011171724328328785,-0.44291830375311186,-0.40064695195929617,0.18069902895743245,0.10834123186844209,-0.7997950155886459,-0.4005085149373491,-0.8838743088917704
0.343919335009132,0.5690402968013228,0.4972228368944557,-0.8528892563370019,3.5182817954232637,-1.3874462383788675,0.7377365578773624,0.21458769900619173,-2.0477653210006648,2.434725943242767,-1.0669971732226378
-0.1757850414638831,-0.8170094940364111,-1.07846526957501,-0.7165741272261673,-0.20200083776906758,-0.1286800914503486,0.4006686453501005,-0.23695978632930317,0.38249264217011036,-0.8673653691302385,-0.517628580230034
-0.6377444872176741,-0.001686087661273423,-0.7226647294044856,-0.45797139397563447,-0.6418872329019851,0.4891353975807159,-0.7318699251848588,-0.513200600887464,-0.6684297202821173,0.1704140214658878,-0.517628580230034
0.40166426572835573,-0.7082997065197261,0.8021947284691909,0.011171724328328785,-0.42091432367128045,1.232745761782915,0.3104256534278455,-1.27286284092248,-0.7341123679353802,-0.33549802003305695,1.5882843595749478
0.6903889193244751,0.10702369985541169,1.9712536461723433,-0.1007247325048244,5.718127245511248,-0.1286800914503486,0.00041263792798731073,0.7989432682638736,-0.9311603108951743,0.10850852433038116,-0.7923128767263367
-1.1574488636906892,0.10702369985541169,-0.6210074322129072,-0.7165741272261673,-0.22380060454922518,1.0612170696061296,-0.07844240816726707,-1.8890923503214632,0.054079403903787744,1.0003880610202125,1.0389157665823439
-0.8109792793753455,0.27008838113043876,-1.3326085125539562,-0.5850429846460344,-0.15846190589726822,1.7412970047212895,0.539675023803452,0.07115496837021794,0.5795405851299016,0.4745161674074204,-0.700751444560903
-0.34901983362155464,2.1996871095515984,0.8021947284691909,-0.21606469250895247,0.5696131523147626,0.8001765375260035,1.6154358506755495,0.1614644654373169,-0.4056991296690604,0.4745161674074204,-1.1585586053880732
0.22842947357068366,1.683315618847344,-1.3834371611497454,-1.2943698657800562,-0.4869881985183376,0.9359231997705247,-0.16180584450052413,-0.6885072716647981,-0.27433383436253195,-0.664704716765728,-0.700751444560903
-0.29127490290233093,0.487507956163809,-1.1292939181707995,-0.1007247325048244,-0.18022128403471893,-1.1364863380419723,-1.0105169343653688,0.34739578292837875,-0.14296853905600349,-0.1428768778651578,-1.0669971732226378
-0.11804011074465942,-0.8170094940364111,0.03976499953235286,-0.3350668442435679,-0.4649429157930352,-0.008031065920856856,-0.2965289215473455,0.055217998299567285,-0.5370644249755889,0.4745161674074204,-0.700751444560903
1.4410730186743859,-0.7082997065197261,0.7005374312776125,-0.21606469250895247,-0.07162540396932138,-0.9190949841896926,-1.0893719804606232,0.9051897354016233,-1.522304139774551,0.10850852433038116,-1.0669971732226378
-0.11804011074465942,1.031056893747234,-0.9259793237876425,0.4280735379087408,-0.07162540396932138,0.4891353975807159,0.4006686453501005,1.4364220710904303,0.7765885280896958,0.4144050427081428,0.5811086057551738
-0.7532343486561219,0.2157334873720962,-1.3834371611497454,-0.45797139397563447,2.1198133888729074,-0.1286800914503486,0.2790596471084973,0.03396870487199377,-0.01160324374947503,-0.33549802003305695,-0.9754357410572041
0.9213686422013708,-0.9800741753114388,0.7005374312776125,-0.1007247325048244,-0.09330445213452575,-0.2589909662577516,0.7144006507460107,0.7989432682638736,-0.6684297202821173,-1.0047069792537324,-0.8838743088917704
0.055194681413012626,-1.034429069069781,0.7513660798734018,-0.3350668442435679,-0.3331039521762617,0.8694643058633642,-0.038482015866613706,-1.4747311284841924,-1.3252561968147596,0.7699532450966583,1.7714072239058167
-0.9264691408137934,0.7592824249555218,-1.281779863958167,-0.5850429846460344,-0.5753768146477115,1.0612170696061296,0.18069902895743245,-0.959435762866036,0.5138579374766389,1.0003880610202125,0.3979857414243063
-1.099703932971465,0.16137859361375423,-0.6210074322129072,-0.7165741272261673,-0.20200083776906758,0.4011130516741887,0.8055842831914454,-1.9953388174592128,0.11976205155705344,-0.33549802003305695,0.031740012762569894
-0.5799995564984504,-1.034429069069781,0.2939082425112989,0.11982434457825433,-0.5090541907654498,0.7278083201618196,0.00041263792798731073,-0.7947537388025477,0.2511273468635819,0.7115354006028793,1.496722927409514
-0.6377444872176741,-0.7626546002780686,0.8530233770649802,0.22541591693410137,-0.4649429157930352,0.8001765375260035,0.3712037425986111,-0.9328741460815986,-0.07728589140274073,1.113713123125465,0.9473543344169102
-0.29127490290233093,-0.16475076893630108,-0.9259793237876425,-0.21606469250895247,0.5906891941232267,-0.40064695195929617,0.18069902895743245,0.21458769900619173,-0.8654776632419086,-0.20668717137087902,-0.8838743088917704
1.0368585036398181,0.6505726374388366,0.4972228368944557,2.202075566610983,0.48511936689198804,-0.2589909662577516,0.8055842831914454,3.1363655452946015,0.054079403903787744,-0.07945686382469022,-0.059821419402863805
-0.5222546257792262,0.27008838113043876,-1.3834371611497454,-0.45797139397563447,-0.5090541907654498,-0.9190949841896926,-1.6807278711223133,-0.5716361578132617,0.9079538233962242,-0.4659291734053641,0.7642314700860428
2.0185223258666247,-1.0887839628281235,1.1071666200439263,0.9775804407662793,0.12259088225497147,2.219545048202486,1.1042693731561144,1.861407939641488,-0.07728589140274073,0.652786575054398,0.2148628770934373
0.40166426572835573,0.487507956163809,-1.1801225667665884,-0.5850429846460344,1.234839827289179,1.120424206200259,1.2740495735249906,0.9051897354016233,-0.9968429585484371,0.29312716929290655,-0.9754357410572041
-0.1757850414638831,-1.2518486441031513,1.8187677003849754,-0.9943495515789766,-0.13672266601177926,0.3080581922550612,-0.34435166755526103,-0.43351575053415176,-0.07728589140274073,0.7699532450966583,0.30642430925887265
0.343919335009132,-2.2302367317533163,0.9038520256607695,-0.7165741272261673,-0.2674609275648184,-0.40064695195929617,-0.7967011797636002,-0.6247593913821365,0.6452232327831673,0.652786575054398,1.3136000630786466
0.5171541271668031,0.5418628499221515,-0.31603554063817185,0.32811420243229655,0.208396446236977,1.232745761782915,0.8055842831914454,1.1176826696771816,-0.2086511867092692,-0.4659291734053641,-0.7923128767263367
-0.11804011074465942,0.7592824249555218,1.4121385116186618,-0.7165741272261673,0.632784630156005,1.38791233809376,1.9230183188624508,0.055217998299567285,-0.9311603108951743,-0.20668717137087902,-0.9754357410572041
0.8636237114821471,-0.4908801314863561,1.0055093228523477,0.11982434457825433,-0.531140931480354,-0.5558135282701412,-0.3937958290505031,0.7458200346949988,-0.4713817773223232,-0.016422384166277514,0.30642430925887265
-0.7532343486561219,0.37879816864712385,-0.7734933780002748,-0.21606469250895247,-0.09330445213452575,-0.008031065920856856,-0.3937958290505031,-0.05102846883818234,1.3677323569690725,-0.20668717137087902,-0.24294428373373284
1.3255831572359376,2.6617037064975095,0.8021947284691909,0.5254362311351806,-0.24562062192846684,1.0612170696061296,1.2416379489885754,0.9051897354016233,-1.522304139774551,-0.5317652039154718,-0.33450571589916656
0.055194681413012626,-1.5236231128948639,0.5988801340860342,-0.45797139397563447,-1.0223788296555276,-1.6842688003912574,-1.8076307520569563,-1.5066050686255528,-0.27433383436253195,0.3539434138436254,1.8629686560712504
-1.099703932971465,-0.7082997065197261,-0.21437824344659331,-0.9943495515789766,-0.4649429157930352,-1.3874462383788675,-1.5639885371063507,-0.4760143373892398,0.1854446992103162,-0.5980219147904188,-1.1585586053880732
-0.6377444872176741,-0.16475076893630108,-0.46852148642553954,-0.3350668442435679,-0.355025789530022,-0.1286800914503486,-0.2502246171972917,0.48551619020748865,1.3677323569690725,0.4144050427081428,-0.7923128767263367
-0.9842140715330177,1.9822675345182281,-1.1801225667665884,-0.1007247325048244,-0.42091432367128045,-0.9190949841896926,-1.4559047957393745,-0.46538969067545305,1.4334150046223353,-0.4659291734053641,0.30642430925887265
-0.5222546257792262,-0.32781545021132874,0.9546806742565588,-0.21606469250895247,0.5696131523147626,-0.9190949841896926,-0.8645489050776838,-0.12008867247776678,0.054079403903787744,-0.1428768778651578,0.031740012762569894
0.343919335009132,-1.5779780066532063,0.5988801340860342,-0.9943495515789766,-0.2893215592214473,-2.0475502563108083,-1.8076307520569563,0.15083981872353017,-1.259573549161494,-0.4005085149373491,-0.8838743088917704
-0.5799995564984504,0.8679922124722063,0.24307959391550962,-0.21606469250895247,-0.3989309369289859,1.5295683237953046,1.482756870782724,-0.199773522831079,0.11976205155705344,-0.9358087857581127,-0.8838743088917704
-0.5799995564984504,-0.11039587517795853,-0.46852148642553954,-0.3350668442435679,-0.37696810501600153,-0.1286800914503486,-0.3937958290505031,0.5227024537057128,1.3677323569690725,0.4745161674074204,-0.8838743088917704
1.2678382265167139,-0.9257192815530962,1.0055093228523477,-0.21606469250895247,-0.2893215592214473,-0.5558135282701412,-0.6697982988289571,-0.16789958268971872,-0.5370644249755889,0.652786575054398,1.4051614952440803
-0.6954894179368982,1.873557747001543,-1.1292939181707995,2.5537319914930348,-0.11500352713691192,-2.0475502563108083,-1.3552812398486171,0.7351953879812121,0.5795405851299016,-0.8673653691302385,-0.24294428373373284
0.5171541271668031,-0.9257192815530962,0.34473689110708816,-0.9943495515789766,-0.553248459718999,-1.3874462383788675,-1.5639885371063507,-0.013842205340017155,-0.7341123679353802,0.10850852433038116,0.031740012762569894
0.9213686422013708,1.1397666812639191,-0.41769283782975025,2.60926268031359,0.5062713242147311,1.436513464376177,1.0304073585743854,1.1070580229633948,-1.1282082538549656,-0.664704716765728,-0.9754357410572041
0.17068454285145998,1.4658960438139743,-0.8243220265960641,-0.1007247325048244,-0.07162540396932138,-0.1286800914503486,-0.2502246171972917,0.6395735675572493,0.5795405851299016,-1.1438921559162405,-0.517628580230034
-0.06029518002543575,-1.0887839628281235,0.24307959391550962,0.4280735379087408,-0.44291830375311186,-1.6842688003912574,-1.5639885371063507,-1.044432936576271,-0.07728589140274073,0.652786575054398,2.1376529525675534
-0.5799995564984504,1.6561381719681727,-1.2309512153623778,-0.3350668442435679,0.1010904258159411,-0.40064695195929617,-0.9357075582169517,-0.05102846883818234,0.5138579374766389,-1.2141916792297063,-0.7923128767263367
0.4594091964475794,-1.6866877941698915,-0.1635495948508042,-0.3350668442435679,-0.20200083776906758,-3.1760055284319235,-0.3937958290505031,1.2239291368149312,0.6452232327831673,1.2814117643803615,-0.1513828515682975
0.8636237114821471,-0.16475076893630108,1.1071666200439263,0.22541591693410137,3.2752551856261682,-1.3874462383788675,-0.8645489050776838,1.2239291368149312,-0.01160324374947503,0.8280438170361987,0.2148628770934373
-0.6954894179368982,-0.05604098141961598,-1.2309512153623778,0.22541591693410137,-0.24562062192846684,0.7278083201618196,1.3057565414077013,0.4005190164972536,1.236367061662544,-0.33549802003305695,-0.6091900123954677
1.9030324644281764,-0.6539448127613838,1.3613098630228726,-1.1413587048853713,0.16553284489058287,0.8001765375260035,0.14638066721567233,0.34739578292837875,-1.9164000256941363,0.652786575054398,-0.517628580230034
-0.23352997218310678,-0.7082997065197261,0.09059364812814184,-0.7165741272261673,1.4592286089929456,-3.1760055284319235,0.247004223106429,0.32083416614394134,-0.07728589140274073,1.555019722161483,-0.8838743088917704
-0.9842140715330177,0.5962177436804941,0.19225094531972037,2.771082900346267,-0.09330445213452575,-0.9190949841896926,0.4006686453501005,0.2570862858612798,0.2511273468635819,0.1704140214658878,-0.1513828515682975
0.22842947357068366,-1.1974937503448086,0.9546806742565588,-1.2943698657800562,-0.6196961617950487,-0.2589909662577516,-0.5530589648129944,-0.05102846883818234,0.31680999451684466,0.652786575054398,-0.33450571589916656
-0.6377444872176741,-0.8170094940364111,0.548051485490245,0.4280735379087408,-0.42091432367128045,0.8694643058633642,0.18069902895743245,-1.6659747693321771,0.1854446992103162,0.4144050427081428,2.229214384732987
0.4594091964475794,-0.32781545021132874,1.1071666200439263,0.22541591693410137,0.1440716766369032,1.6598791986027075,1.5102758585282188,0.7989432682638736,-1.522304139774551,-0.4005085149373491,-1.2501200375535069
0.6326439886052514,-1.5779780066532063,0.2939082425112989,-0.1007247325048244,-0.5753768146477115,2.1592412346891807,0.9724475564267431,0.6183242741296757,1.0393191187027526,1.446441348155312,-0.24294428373373284
-0.6954894179368982,1.1941215750222616,-1.3326085125539562,-0.21606469250895247,-0.6196961617950487,-0.2589909662577516,-1.0105169343653688,-2.2715796320174326,0.5138579374766389,-1.7201037207286511,2.1376529525675534
0.9213686422013708,-0.21910566269464365,1.564624457406029,1.061814388738523,0.1440716766369032,-0.5558135282701412,0.21422839252975528,1.9676544067792374,-0.14296853905600349,-0.4659291734053641,-1.3416814697189405
0.17068454285145998,-0.32781545021132874,0.1414222967239311,0.6203337792954684,-0.24562062192846684,1.2861281450260094,1.860053300086188,0.48020386685062477,-0.07728589140274073,-0.7993707650187795,-0.9754357410572041
2.2495020487435196,-0.43652523772801355,1.1071666200439263,-1.2943698657800562,-0.2674609275648184,-2.0475502563108083,-2.4668343680327305,0.10834123186844209,-1.1938909015082313,-0.1428768778651578,-0.059821419402863805
-0.7532343486561219,1.1669441281430903,-0.7734933780002748,-0.7165741272261673,0.5696131523147626,0.20936028793142325,0.7833172387540571,-0.43351575053415176,-0.6027470726288516,-0.4005085149373491,-0.8838743088917704
2.4804817716204153,-1.1974937503448086,2.276225537747078,-0.21606469250895247,-0.3331039521762617,-1.1364863380419723,-0.34435166755526103,1.0645594361083066,-2.8359570928398354,1.0003880610202125,-0.6091900123954677
2.4804817716204153,-0.8170094940364111,1.9712536461723433,0.22541591693410137,0.014891257448007542,-0.40064695195929617,0.14638066721567233,2.2863938081924866,-0.9311603108951743,0.1704140214658878,-0.6091900123954677
-0.6377444872176741,-0.6267673658822125,0.4463941882986664,-0.45797139397563447,-0.13672266601177926,-0.008031065920856856,0.2790596471084973,0.26771093257506656,1.1050017663560154,-0.07945686382469022,-1.1585586053880732
-0.9264691408137934,1.792025406364029,-1.027636620979221,-0.45797139397563447,0.27254554487755855,0.6520729520110842,0.6171337432428524,-0.380392516965277,1.8931935381951863,0.534280828369045,1.1304771987477775
0.4594091964475794,0.7049275311971792,-0.6210074322129072,0.803211655487991,0.208396446236977,-0.5558135282701412,0.6665779047380944,1.627665711938415,-0.2086511867092692,-0.7318191256411961,-0.7923128767263367
0.8636237114821471,3.8575113691810445,0.34473689110708816,-0.45797139397563447,-0.18022128403471893,1.38791233809376,2.0222717825146996,0.6926968011261241,-1.0625256062017028,-0.7993707650187795,-0.8838743088917704
0.40166426572835573,-0.8170094940364111,0.7005374312776125,0.011171724328328785,0.3365199294607897,-1.1364863380419723,-1.8076307520569563,-0.3485185768239167,-1.1938909015082313,-0.4659291734053641,1.3136000630786466
0.4594091964475794,1.3843637031764606,-1.3834371611497454,0.22541591693410137,0.12259088225497147,-0.2589909662577516,-0.3937958290505031,1.4364220710904303,0.31680999451684466,1.2258130254288109,-0.9754357410572041
-0.6954894179368982,-0.32781545021132874,-1.3834371611497454,-0.21606469250895247,-0.44291830375311186,-0.9190949841896926,-1.3552812398486171,-0.8106907088731984,0.5795405851299016,-0.4659291734053641,0.3979857414243063
0.4594091964475794,1.248476468780604,2.072910943363922,-0.8528892563370019,6.170986448550152,0.4891353975807159,0.7833172387540571,-0.09352705569332938,-2.704591797533307,3.5618950251183774,-1.2501200375535069
2.364991910181968,-0.9800741753114388,1.1071666200439263,0.22541591693410137,-0.18022128403471893,1.120424206200259,0.8914009801210345,1.4364220710904303,-1.259573549161494,0.5937029965568988,-0.059821419402863805
-0.1757850414638831,0.37879816864712385,-0.26520689204238257,-0.3350668442435679,-0.15846190589726822,0.9997751806707673,1.4965812688912243,-0.30070766661196474,-0.07728589140274073,-1.0740660336561756,-0.517628580230034
-0.6954894179368982,0.4331530624054664,-1.281779863958167,0.11982434457825433,-0.13672266601177926,0.4011130516741887,1.2251579648231121,0.4005190164972536,1.1050017663560154,-0.33549802003305695,-0.700751444560903
-0.8109792793753455,1.1397666812639191,-1.2309512153623778,-0.1007247325048244,-0.7308617598150762,-0.9190949841896926,-1.1727354167938804,-0.8585016190852093,0.9079538233962242,-0.1428768778651578,0.9473543344169102
-1.9081329630405994,-0.7082997065197261,1.1579952686397155,1.675138857168375,-0.9098283171456374,1.232745761782915,1.1042693731561144,-3.4509154172465832,1.1706844140092811,0.046231220178628976,2.8701444098910245
0.28617440428990837,-0.6539448127613838,1.8695963489807648,-0.21606469250895247,0.12259088225497147,-0.5558135282701412,0.18069902895743245,1.011436202539432,1.499097652275601,0.046231220178628976,0.031740012762569894
-0.6954894179368982,-1.1974937503448086,0.1414222967239311,-0.21606469250895247,-0.7531581516359706,1.574174314760039,1.77163452738942,-0.10415170240705715,-2.44186120692025,4.7782578790829575,-0.8838743088917704
0.22842947357068366,-1.0887839628281235,0.548051485490245,0.8914099115378438,-0.531140931480354,-0.40064695195929617,-0.9357075582169517,-1.0709945533607086,-0.07728589140274073,0.4745161674074204,1.4051614952440803
-0.29127490290233093,0.32444327488878133,0.2939082425112989,-0.45797139397563447,-0.2893215592214473,0.9359231997705247,1.689610974550159,0.055217998299567285,-0.4056991296690604,-0.7318191256411961,-0.9754357410572041
1.3833280879551613,-0.05604098141961598,0.548051485490245,0.22541591693410137,-0.4649429157930352,1.232745761782915,0.591768528589678,-0.49195130745989046,-1.0625256062017028,0.8280438170361987,1.496722927409514
-0.7532343486561219,0.8679922124722063,-1.027636620979221,0.11982434457825433,0.07957027129221486,0.20936028793142325,-0.7967011797636002,-0.5185129242443279,0.4481752898233731,-0.33549802003305695,0.7642314700860428
-0.7532343486561219,-0.5452350252446987,-1.281779863958167,-0.5850429846460344,-0.15846190589726822,0.20936028793142325,-0.3937958290505031,-0.9434987927953854,0.2511273468635819,0.9432576687221982,0.1233014449280036
-1.215193794409913,-0.7626546002780686,0.8021947284691909,-0.45797139397563447,-0.355025789530022,0.10429048966179916,-0.6102609269432557,-1.2834874876362077,0.9079538233962242,1.2814117643803615,0.6726700379206074
-0.29127490290233093,1.8463803001223715,-0.06189229765922567,1.303721090205205,0.42154897079814674,1.3378155600525392,0.8491237277928321,-0.008529881983094288,-0.34001648201579765,-1.2849710664843619,-1.1585586053880732
-0.6377444872176741,0.8951696593513775,-0.7226647294044856,-0.45797139397563447,-0.24562062192846684,-0.1286800914503486,-0.8645489050776838,-0.6566333315234378,-0.14296853905600349,-0.7318191256411961,-0.33450571589916656
-0.6377444872176741,0.6777500843180079,-1.2309512153623778,-0.7165741272261673,-0.20200083776906758,-0.9190949841896926,-1.5639885371063507,-0.4388280738910157,0.1854446992103162,-1.7944347915156753,-0.8838743088917704
-0.4645096950600025,0.27008838113043876,-1.2309512153623778,1.5309575070424863,-0.15846190589726822,1.120424206200259,0.3104256534278455,-0.4122664571065783,-1.9164000256941363,-1.2141916792297063,-1.1585586053880732
-1.099703932971465,-0.001686087661273423,-0.9259793237876425,1.3810073940418799,0.7586201829934881,0.10429048966179916,-0.2502246171972917,0.055217998299567285,1.236367061662544,0.10850852433038116,0.48954717358974004
0.6903889193244751,0.16137859361375423,0.2939082425112989,0.011171724328328785,0.036470723384357036,1.5295683237953046,0.8491237277928321,0.26771093257506656,-0.2086511867092692,0.4745161674074204,1.222038630913213
-0.06029518002543575,-1.6323329004115488,0.7513660798734018,-0.5850429846460344,-0.3989309369289859,-0.5558135282701412,-1.0893719804606232,-1.5597283021944275,-0.6684297202821173,-0.7318191256411961,1.679845791740383
-0.06029518002543575,-1.0887839628281235,0.5988801340860342,0.11982434457825433,-0.2893215592214473,1.232745761782915,0.3712037425986111,-0.7522551519474007,0.054079403903787744,1.3367139753146375,1.7714072239058167
-0.34901983362155464,0.5418628499221515,-0.9768079723834316,-0.5850429846460344,-0.24562062192846684,0.20936028793142325,-0.44497522344601836,0.0020947647306924716,0.054079403903787744,-0.7318191256411961,-0.8838743088917704
1.0368585036398181,-0.5452350252446987,0.6497087826818234,0.22541591693410137,0.1010904258159411,-0.008031065920856856,0.4856516965978687,0.873315795260322,-0.6027470726288516,-0.07945686382469022,-0.4260671480646003
-0.6954894179368982,0.8136373187138642,-1.3834371611497454,-0.1007247325048244,-0.006708051678204481,0.4011130516741887,-0.4980160897989325,0.6023873040590251,0.9079538233962242,-0.7993707650187795,-0.8838743088917704
-0.4645096950600025,0.27008838113043876,-0.36686418923396097,-0.45797139397563447,-0.3112025547670527,1.4837056621198097,0.247004223106429,-0.9328741460815986,-1.3909388444680224,-1.500255061897504,-1.0669971732226378
-0.6954894179368982,-0.5452350252446987,0.7513660798734018,2.440139876210705,-0.355025789530022,1.1775534652628536,1.7829844919124787,0.32083416614394134,0.7109058804364301,0.3539434138436254,0.031740012762569894
-1.1574488636906892,-0.9257192815530962,-0.41769283782975025,0.803211655487991,-0.2674609275648184,0.20936028793142325,0.07522201407640439,-0.5822608045269895,1.6304629475821293,-0.8673653691302385,2.046091520402118
0.7481338500436988,0.16137859361375423,-0.21437824344659331,0.9775804407662793,0.3152144885265268,1.6175906697018319,1.3057565414077013,1.542668538228239,-0.07728589140274073,-0.016422384166277514,-0.33450571589916656
-0.1757850414638831,0.27008838113043876,-0.5701787836171179,-0.45797139397563447,0.6957866715546432,-2.0475502563108083,-2.272083761784004,-1.145367080357157,-0.6027470726288516,-0.4659291734053641,0.6726700379206074
-0.8687242100945698,0.7049275311971792,-1.027636620979221,-0.9943495515789766,-0.37696810501600153,0.3080581922550612,0.7144006507460107,-0.5185129242443279,-0.14296853905600349,-0.33549802003305695,-1.0669971732226378
-0.6377444872176741,-1.034429069069781,-0.1635495948508042,-0.45797139397563447,-0.355025789530022,1.2861281450260094,0.4856516965978687,-0.49726363081681335,0.8422711757429585,-0.4659291734053641,-0.33450571589916656
-0.29127490290233093,1.1125892343847477,-0.9768079723834316,0.011171724328328785,0.1010904258159411,-0.40064695195929617,0.14638066721567233,0.37395739971281616,-0.4713817773223232,0.3539434138436254,-0.6091900123954677
0.17068454285145998,-0.21910566269464365,0.09059364812814184,-0.45797139397563447,0.48511936689198804,0.572641743850974,1.83844604443211,0.26771093257506656,-2.507543854573513,6.11327410233014,-0.6091900123954677
0.5748990578860278,0.6777500843180079,-0.06189229765922567,-0.45797139397563447,0.18697442284646673,-1.3874462383788675,-0.07844240816726707,0.3633327529990884,-0.4056991296690604,-1.5730212550542668,-0.7923128767263367
-0.7532343486561219,-0.9257192815530962,-0.31603554063817185,0.011171724328328785,-0.02832724052109811,0.9359231997705247,0.8914009801210345,-0.603510097954563,0.5795405851299016,-0.7993707650187795,-0.33450571589916656
0.5171541271668031,0.7592824249555218,-0.8751506751918532,0.6203337792954684,0.07957027129221486,-0.1286800914503486,0.3712037425986111,1.1601812565322696,-0.01160324374947503,-0.7318191256411961,-0.8838743088917704
0.9213686422013708,1.1397666812639191,0.03976499953235286,0.22541591693410137,-0.20200083776906758,0.7278083201618196,1.0492264981420518,0.6926968011261241,-0.2086511867092692,-0.9358087857581127,-0.6091900123954677
2.4227368409011913,0.16137859361375423,1.1071666200439263,0.011171724328328785,-0.5090541907654498,-1.3874462383788675,-0.44497522344601836,1.7020382389348634,-1.522304139774551,1.2814117643803615,0.3979857414243063
-0.34901983362155464,0.05266880609706913,-0.06189229765922567,-0.5850429846460344,0.036470723384357036,0.8694643058633642,1.9833771287200979,-0.17852422940350549,-0.34001648201579765,-0.4005085149373491,-0.700751444560903
-0.8687242100945698,0.4331530624054664,-1.1801225667665884,-1.1413587048853713,-0.6640992884764463,-1.3874462383788675,-1.8076307520569563,-0.7681921220181103,0.7109058804364301,-0.33549802003305695,-0.8838743088917704
-0.9264691408137934,-0.6539448127613838,0.8021947284691909,0.4280735379087408,-0.24562062192846684,0.8001765375260035,0.539675023803452,-0.5185129242443279,0.7109058804364301,2.7763285051353463,0.1233014449280036
0.22842947357068366,0.5418628499221515,0.03976499953235286,0.32811420243229655,0.18697442284646673,0.4011130516741887,0.8914009801210345,0.34208345957151487,-0.34001648201579765,-0.1428768778651578,-0.24294428373373284
0.40166426572835573,1.3843637031764606,-0.1635495948508042,-0.8528892563370019,-0.20200083776906758,-0.40064695195929617,-0.7967011797636002,0.11896587858222886,-0.14296853905600349,0.10850852433038116,-0.4260671480646003
-0.002550249306211046,0.9495245531097201,-0.7734933780002748,0.22541591693410137,0.1010904258159411,-0.1286800914503486,-0.3937958290505031,1.4364220710904303,1.3020497093158068,0.4144050427081428,-0.4260671480646003
2.134012187305072,-0.8713643877947537,2.4795401321302353,1.603741404406284,-0.4649429157930352,-0.9190949841896926,0.03829692584869563,1.9676544067792374,-0.6027470726288516,-0.33549802003305695,2.3207758168984207
0.1129396121322363,-0.21910566269464365,-0.8243220265960641,-0.1007247325048244,-0.07162540396932138,-0.5558135282701412,0.8491237277928321,0.055217998299567285,-0.9311603108951743,-0.7993707650187795,-0.9754357410572041
-1.215193794409913,1.3843637031764606,-1.3834371611497454,-0.3350668442435679,-0.5975260355436159,-1.1364863380419723,-1.4559047957393745,-0.029779175410667803,1.8275108905419206,-0.27089257757012963,-0.4260671480646003
0.343919335009132,-0.2734605564529862,-0.1635495948508042,0.4770710060490644,0.1440716766369032,1.5295683237953046,1.5102758585282188,0.7989432682638736,-1.3909388444680224,-0.7993707650187795,-1.1585586053880732
-0.6954894179368982,-0.9800741753114388,0.09059364812814184,0.11982434457825433,0.18697442284646673,0.6520729520110842,0.5129134824944236,-0.26352140311374056,0.7109058804364301,-0.016422384166277514,0.48954717358974004
-0.6954894179368982,0.7049275311971792,-1.3834371611497454,0.011171724328328785,-0.7754757276803081,-1.1364863380419723,-1.6807278711223133,-1.8678430568939486,0.2511273468635819,0.046231220178628976,2.046091520402118
1.9030324644281764,-0.30063800333215746,0.6497087826818234,-1.2943698657800562,0.07957027129221486,-1.1364863380419723,-0.3937958290505031,0.18271375886489044,-1.5879867874278166,-0.016422384166277514,-0.39554667067615323
-0.6377444872176741,2.552993918980824,-1.3834371611497454,0.6203337792954684,0.3152144885265268,-0.9190949841896926,-1.1727354167938804,-0.4441403972479385,0.7765885280896958,-1.2849710664843619,-0.4260671480646003
-0.29127490290233093,0.4331530624054664,0.09059364812814184,-0.9943495515789766,0.5696131523147626,-0.5558135282701412,-0.34435166755526103,0.37395739971281616,-0.34001648201579765,4.538035398667708,-1.2501200375535069
0.28617440428990837,-1.5779780066532063,0.39556553970287717,-0.8528892563370019,-0.7085865120389083,-0.008031065920856856,-0.44497522344601836,-1.4641064817704057,-1.1282082538549656,-0.4005085149373491,0.7642314700860428
-0.6954894179368982,-0.001686087661273423,-1.027636620979221,-0.8528892563370019,-0.355025789530022,0.20936028793142325,-0.6102609269432557,-0.8478769723714225,-0.14296853905600349,0.046231220178628976,0.30642430925887265
-0.40676476434077885,-0.38217034396967103,-0.8243220265960641,0.22541591693410137,-0.18022128403471893,-0.1286800914503486,0.4006686453501005,0.055217998299567285,-0.6684297202821173,-0.5317652039154718,-0.4260671480646003
1.9607773951474001,-0.43652523772801355,1.8187677003849754,-0.21606469250895247,-0.3112025547670527,-0.9190949841896926,-0.6697982988289571,1.6170410652246283,-0.6684297202821173,0.23195212476390475,0.3979857414243063
1.2678382265167139,-0.5995899190030413,1.9712536461723433,0.5731853219324152,0.6117463421220668,-0.1286800914503486,-0.34435166755526103,0.1614644654373169,-0.4713817773223232,0.5937029965568988,1.1304771987477775
0.6903889193244751,-0.38217034396967103,1.1071666200439263,2.875207733126373,-0.5090541907654498,-1.3874462383788675,-1.0893719804606232,1.1176826696771816,-0.6684297202821173,0.4745161674074204,0.48954717358974004
-0.06029518002543575,-1.360558431619836,0.6497087826818234,0.011171724328328785,-0.7754757276803081,-1.6842688003912574,-1.8076307520569563,-1.6659747693321771,0.11976205155705344,0.29312716929290655,2.1376529525675534
-0.9842140715330177,1.1125892343847477,-1.281779863958167,3.618024987929945,0.7376943490753141,2.58873582757906,1.7370448489171533,1.4364220710904303,1.0393191187027526,-0.7993707650187795,-0.517628580230034
-1.4461735172868087,2.6073488127391666,1.9712536461723433,-0.45797139397563447,-1.0675504724606855,0.20936028793142325,1.2416379489885754,-1.6606624459753134,2.2872894241147717,-0.33549802003305695,0.9473543344169102
-0.06029518002543575,2.552993918980824,-0.9259793237876425,-0.1007247325048244,-0.4869881985183376,-0.9190949841896926,0.00041263792798731073,0.08177961508400469,0.054079403903787744,-0.664704716765728,-1.3416814697189405
2.0185223258666247,-1.4692682191365212,1.259652565831294,-0.7165741272261673,-0.355025789530022,-1.1364863380419723,-1.8076307520569563,0.055217998299567285,-0.7341123679353802,0.4144050427081428,-0.24294428373373284
0.4594091964475794,-0.9257192815530962,0.5988801340860342,-0.7165741272261673,-0.5975260355436159,0.7278083201618196,0.5659543488473384,-0.9275618227247348,-0.8654776632419086,1.0003880610202125,0.48954717358974004
-0.6954894179368982,1.683315618847344,-1.281779863958167,1.7452016996482598,0.18697442284646673,-1.3874462383788675,-1.4559047957393745,0.1614644654373169,0.6452232327831673,-0.5317652039154718,0.48954717358974004
0.17068454285145998,1.6289607250890015,-1.3834371611497454,0.4280735379087408,0.16553284489058287,0.4011130516741887,0.21422839252975528,0.8095679149776605,0.11976205155705344,-0.33549802003305695,-0.059821419402863805
-1.272938725129137,-1.1431388565864662,-0.11272094625501494,-0.7165741272261673,-0.02832724052109811,-1.3874462383788675,-0.20534528910191016,-1.092243846788282,0.31680999451684466,-1.427995954344743,-0.33450571589916656
-0.1757850414638831,0.2157334873720962,-0.21437824344659331,0.803211655487991,-0.3112025547670527,0.4011130516741887,1.6775074770314506,0.028656381515129878,-0.34001648201579765,-0.5317652039154718,-1.0669971732226378
-0.23352997218310678,-1.2518486441031513,2.072910943363922,3.782809894455851,-0.8201745937277777,1.6388722384306555,2.964439519103261,-1.8784677036076765,-1.982082673347402,-0.9358087857581127,1.679845791740383
-1.1574488636906892,2.4442841314641393,-1.3326085125539562,-0.45797139397563447,-0.6640992884764463,0.20936028793142325,-0.16180584450052413,-0.9647480862229589,1.8931935381951863,-1.2849710664843619,0.6726700379206074
-0.23352997218310678,2.7704134940141945,-1.1292939181707995,-0.21606469250895247,-0.07162540396932138,-0.008031065920856856,-0.34435166755526103,-0.42289110382036504,-0.6027470726288516,-0.664704716765728,-0.517628580230034
1.2100932957974901,-1.034429069069781,1.564624457406029,1.2248075873249686,1.8018491831512877,-1.1364863380419723,-1.1727354167938804,0.1614644654373169,-0.7997950155886459,0.29312716929290655,0.7642314700860428
-0.9842140715330177,0.2157334873720962,-1.281779863958167,-0.3350668442435679,0.5906891941232267,-1.1364863380419723,-1.1727354167938804,-0.08290240897954262,0.4481752898233731,0.23195212476390475,-0.8838743088917704
-0.8109792793753455,-0.05604098141961598,-0.11272094625501494,0.22541591693410137,-0.13672266601177926,-0.40064695195929617,0.00041263792798731073,0.08177961508400469,0.973636471049487,-1.0047069792537324,0.48954717358974004
-0.6954894179368982,-0.38217034396967103,-0.36686418923396097,-0.5850429846460344,-0.22380060454922518,1.1775534652628536,0.539675023803452,-0.5822608045269895,0.38249264217011036,-0.07945686382469022,-0.059821419402863805
0.40166426572835573,0.27008838113043876,-0.11272094625501494,0.4280735379087408,-0.2674609275648184,-0.5558135282701412,1.482756870782724,0.5811380106314515,-0.5370644249755889,-0.5317652039154718,-0.700751444560903
0.8636237114821471,-0.16475076893630108,0.34473689110708816,-0.1007247325048244,0.1440716766369032,-0.40064695195929617,0.2790596471084973,1.0326854959669465,-0.4713817773223232,-0.33549802003305695,-0.700751444560903
0.17068454285145998,-1.1703163034656374,0.6497087826818234,-0.21606469250895247,-0.18022128403471893,-2.0475502563108083,-2.4668343680327305,-0.8372523256576357,-0.27433383436253195,0.10850852433038116,1.3136000630786466
-0.7532343486561219,-1.6323329004115488,0.6497087826818234,-0.9943495515789766,-0.531140931480354,0.7278083201618196,0.8491237277928321,-0.7947537388025477,1.236367061662544,-0.1428768778651578,0.5811086057551738
1.8452875337089527,-0.6539448127613838,1.259652565831294,0.6203337792954684,-0.15846190589726822,1.232745761782915,0.5659543488473384,1.808284706072613,-0.34001648201579765,1.3367139753146375,0.48954717358974004
0.22842947357068366,1.3571862562972892,1.2088239172355049,-0.8528892563370019,6.187592491673487,-0.1286800914503486,0.8275164721387539,-0.24758443304308994,-2.0477653210006648,2.8242230012394423,-1.1585586053880732
-1.3884285865675843,0.10702369985541169,-0.8751506751918532,-0.21606469250895247,-0.553248459718999,1.70109701597209,0.45787060748036174,-0.8372523256576357,1.3677323569690725,0.652786575054398,0.6726700379206074
-0.6377444872176741,-0.6539448127613838,0.1414222967239311,-0.3350668442435679,-0.09330445213452575,1.5295683237953046,0.9526042152154148,0.1614644654373169,0.8422711757429585,-0.8673653691302385,-0.9754357410572041
-0.1757850414638831,-1.360558431619836,0.8530233770649802,-0.7165741272261673,-0.13672266601177926,1.1775534652628536,0.870415537770188,-0.8956878825834335,0.31680999451684466,0.046231220178628976,0.6726700379206074
1.0368585036398181,-1.4149133253781787,1.3613098630228726,-0.1007247325048244,-0.4869881985183376,-0.9190949841896926,-0.4980160897989325,-0.73631818187675,-0.9311603108951743,-0.7993707650187795,1.8629686560712504
0.28617440428990837,0.4331530624054664,-0.41769283782975025,1.4567322510998892,0.1440716766369032,1.2861281450260094,0.8914009801210345,0.6236365974865986,-0.6027470726288516,-1.0047069792537324,-0.4260671480646003
-0.4645096950600025,-0.8170094940364111,1.0563379714481371,0.22541591693410137,-0.3112025547670527,0.8001765375260035,1.1745703590665282,0.26771093257506656,0.054079403903787744,0.29312716929290655,-0.7923128767263367
-0.34901983362155464,0.5962177436804941,-0.31603554063817185,-0.21606469250895247,-0.22380060454922518,1.38791233809376,1.83844604443211,-0.5822608045269895,-0.27433383436253195,-1.356236913825494,-0.517628580230034
0.8636237114821471,-0.11039587517795853,-0.41769283782975025,0.803211655487991,-0.13672266601177926,-0.7273422204469264,-0.2965289215473455,0.9051897354016233,-0.5370644249755889,-0.4659291734053641,0.031740012762569894
-1.215193794409913,0.2157334873720962,-0.8751506751918532,-0.3350668442435679,-0.8649586816877393,-1.6842688003912574,-1.6807278711223133,-1.1772410204984582,0.8422711757429585,0.652786575054398,0.30642430925887265
-0.7532343486561219,-0.43652523772801355,0.34473689110708816,0.32811420243229655,-0.11500352713691192,0.3080581922550612,0.9526042152154148,0.6926968011261241,1.5647802999288636,-0.33549802003305695,-0.8838743088917704
-0.6377444872176741,0.2157334873720962,-1.07846526957501,-0.9943495515789766,-0.24562062192846684,-0.5558135282701412,-0.44497522344601836,0.26771093257506656,0.31680999451684466,0.29312716929290655,-0.7923128767263367
1.1523483650782667,-0.001686087661273423,1.0563379714481371,0.11982434457825433,-0.531140931480354,-1.1364863380419723,-0.5530589648129944,1.6489150053659887,-1.259573549161494,-0.4005085149373491,-1.0669971732226378
0.6903889193244751,-0.7626546002780686,0.7005374312776125,4.0171520061945944,-0.3989309369289859,0.4891353975807159,0.07522201407640439,1.0061238791825091,-0.14296853905600349,0.9432576687221982,0.3979857414243063
0.4594091964475794,-1.2518486441031513,0.34473689110708816,-0.45797139397563447,-0.5090541907654498,-0.1286800914503486,-0.5530589648129944,-0.8160030322300622,-0.34001648201579765,1.113713123125465,1.1304771987477775
0.6326439886052514,-0.16475076893630108,0.34473689110708816,1.1441968904207247,-0.11500352713691192,-1.3874462383788675,-1.3552812398486171,1.0645594361083066,-0.14296853905600349,-0.8673653691302385,0.2148628770934373
0.5748990578860278,-1.0887839628281235,0.9038520256607695,-1.1413587048853713,-0.6640992884764463,0.572641743850974,0.00041263792798731073,-0.9116248526540841,-0.8654776632419086,1.3917228044397523,0.5811086057551738
-0.29127490290233093,-0.05604098141961598,-0.11272094625501494,-0.5850429846460344,-0.13672266601177926,0.10429048966179916,0.03829692584869563,0.9051897354016233,0.7765885280896958,-0.016422384166277514,-1.3416814697189405
0.40166426572835573,-0.43652523772801355,1.1071666200439263,0.22541591693410137,-0.07162540396932138,0.7278083201618196,1.0113422102213434,1.0645594361083066,0.2511273468635819,-0.5317652039154718,-0.700751444560903
4.212829693197132,0.8408147655930356,2.4795401321302353,1.2248075873249686,0.27254554487755855,-1.1364863380419723,0.21422839252975528,3.4551049467079684,-2.3761785592669846,0.1704140214658878,0.6726700379206074
-0.7532343486561219,0.27008838113043876,-0.7734933780002748,-0.5850429846460344,0.07957027129221486,1.4837056621198097,1.7370448489171533,-0.5822608045269895,0.8422711757429585,-1.1438921559162405,0.031740012762569894
0.343919335009132,-1.1431388565864662,0.19225094531972037,-0.45797139397563447,0.014891257448007542,-0.1286800914503486,-0.9357075582169517,-0.5291375709581146,-0.9311603108951743,-0.664704716765728,-0.059821419402863805
-0.8687242100945698,0.8679922124722063,-1.3834371611497454,2.497366223480436,0.7795273913338405,0.7278083201618196,0.6420653431817784,1.5957917717971137,0.973636471049487,0.4144050427081428,-0.24294428373373284
2.9424412173742067,-1.4149133253781787,1.7679390517891862,0.22541591693410137,-0.11500352713691192,-1.1364863380419723,-0.7967011797636002,1.861407939641488,-0.9968429585484371,0.10850852433038116,-0.700751444560903
-0.5222546257792262,0.10702369985541169,-0.41769283782975025,-0.7165741272261673,-0.11500352713691192,0.20936028793142325,-0.1195285921723223,-0.07759008562261975,1.1706844140092811,0.1704140214658878,0.031740012762569894
0.9213686422013708,-1.5236231128948639,0.9546806742565588,-0.8528892563370019,-0.553248459718999,1.0612170696061296,0.18069902895743245,-0.42289110382036504,-0.8654776632419086,1.0572054085019418,0.1233014449280036
-0.40676476434077885,-0.9257192815530962,0.19225094531972037,-0.8528892563370019,-0.18022128403471893,1.0612170696061296,0.8055842831914454,0.246461639147552,0.973636471049487,-0.20668717137087902,-0.8838743088917704
-0.11804011074465942,0.16137859361375423,0.03976499953235286,-0.8528892563370019,5.394132494723396,0.3080581922550612,0.591768528589678,0.055217998299567285,-1.3252561968147596,3.336959090349851,-1.0669971732226378
-0.6377444872176741,-0.21910566269464365,-0.46852148642553954,0.32811420243229655,-0.3989309369289859,-0.008031065920856856,-0.1195285921723223,0.0020947647306924716,-0.14296853905600349,-1.1438921559162405,-1.1585586053880732
-0.5799995564984504,-0.9800741753114388,-0.1635495948508042,-0.45797139397563447,-0.44291830375311186,1.1775534652628536,0.3712037425986111,-0.49726363081681335,0.7765885280896958,-0.7318191256411961,-0.4260671480646003
-0.9842140715330177,1.5474283844514876,-1.281779863958167,0.32811420243229655,-0.3331039521762617,0.4011130516741887,-0.1195285921723223,-0.6353840380958643,1.7618282428886578,1.3917228044397523,1.679845791740383
-1.0419590022522414,-1.034429069069781,-0.011063649063436407,0.4280735379087408,-0.44291830375311186,-0.7273422204469264,0.247004223106429,-1.5172297153393395,-0.6684297202821173,-0.5980219147904188,1.4051614952440803
-0.29127490290233093,-0.001686087661273423,-1.3326085125539562,-0.9943495515789766,-0.22380060454922518,-2.0475502563108083,-0.9357075582169517,-0.9010002059402973,-0.9968429585484371,-1.2849710664843619,-0.6091900123954677
1.3255831572359376,-1.034429069069781,1.1071666200439263,0.803211655487991,-0.20200083776906758,0.6520729520110842,1.0678058969216988,1.3301756039526809,-0.7997950155886459,0.29312716929290655,-0.4260671480646003
-0.8687242100945698,0.8136373187138642,-0.31603554063817185,-0.3350668442435679,-0.37696810501600153,-0.5558135282701412,-0.6697982988289571,-0.6566333315234378,0.4481752898233731,-0.33549802003305695,-0.1513828515682975
1.8452875337089527,-0.9800741753114388,1.1071666200439263,0.8914099115378438,-0.37696810501600153,-0.40064695195929617,0.00041263792798731073,1.9145311732103627,0.054079403903787744,1.5008726540982684,0.48954717358974004
-0.40676476434077885,1.0038794468680627,-1.3834371611497454,-0.3350668442435679,-0.42091432367128045,1.2861281450260094,-0.07844240816726707,-0.7256935351629632,1.1050017663560154,-0.016422384166277514,0.8557929022514765
0.1129396121322363,-0.38217034396967103,1.6154531060018185,-1.2943698657800562,6.170986448550152,0.3080581922550612,0.2790596471084973,0.17208911215110367,-1.8507173780408737,3.606302544689671,-1.1585586053880732
-0.23352997218310678,1.2756539156597755,-1.3834371611497454,-0.45797139397563447,-0.07162540396932138,-0.5558135282701412,-0.7318699251848588,-0.26883372647060444,0.11976205155705344,0.1704140214658878,0.3979857414243063
2.4227368409011913,-0.8713643877947537,1.4121385116186618,0.22541591693410137,-0.09330445213452575,0.9997751806707673,0.870415537770188,1.4895453046593643,-1.0625256062017028,1.0003880610202125,-0.059821419402863805
1.0946034343590418,-1.6323329004115488,0.4972228368944557,-0.21606469250895247,-0.6640992884764463,0.10429048966179916,-0.038482015866613706,-0.29539534325504185,-0.5370644249755889,-1.0740660336561756,-1.0669971732226378
-1.099703932971465,0.5962177436804941,-0.31603554063817185,-0.7165741272261673,-0.13672266601177926,0.10429048966179916,-0.2502246171972917,0.10302890851157821,1.8275108905419206,0.046231220178628976,-0.6091900123954677
0.22842947357068366,-0.5995899190030413,0.9038520256607695,0.011171724328328785,-0.3331039521762617,1.38791233809376,0.6665779047380944,-0.2794583731843912,0.11976205155705344,0.7115354006028793,1.4051614952440803
1.3255831572359376,-1.1974937503448086,1.1071666200439263,-0.21606469250895247,-0.531140931480354,0.4891353975807159,0.11123527790389993,0.48020386685062477,-1.1282082538549656,-0.9358087857581127,-0.6091900123954677
-0.5222546257792262,-0.9800741753114388,0.2939082425112989,0.011171724328328785,-0.42091432367128045,-0.5558135282701412,-0.4980160897989325,-1.0603699066469217,0.31680999451684466,-0.33549802003305695,1.3136000630786466
-0.7532343486561219,0.05266880609706913,-0.9259793237876425,-0.45797139397563447,-0.13672266601177926,-0.40064695195929617,-1.1727354167938804,-1.0125589964349697,0.7765885280896958,-0.4005085149373491,0.9473543344169102
-1.215193794409913,-0.38217034396967103,-0.5193501350213287,-0.9943495515789766,-0.3112025547670527,-0.9190949841896926,-1.6807278711223133,-1.2994244577069174,1.9588761858484491,-0.7318191256411961,0.8557929022514765
-0.11804011074465942,1.5746058313306588,-1.3834371611497454,1.5309575070424863,0.16553284489058287,-1.3874462383788675,-1.3552812398486171,0.9795622623980716,0.31680999451684466,-0.7993707650187795,-0.7923128767263367
-0.06029518002543575,0.5690402968013228,-0.8751506751918532,-0.3350668442435679,-0.3112025547670527,0.9997751806707673,0.690685281382614,-0.16789958268971872,-0.14296853905600349,0.5937029965568988,0.3979857414243063
-0.8687242100945698,-0.2734605564529862,-0.11272094625501494,-0.45797139397563447,-0.24562062192846684,1.232745761782915,0.7144006507460107,-0.7416305052336729,0.1854446992103162,-0.33549802003305695,-0.059821419402863805
-0.1757850414638831,1.0582343406264052,-0.1635495948508042,0.4280735379087408,-0.09330445213452575,-0.40064695195929617,0.7377365578773624,0.08177961508400469,0.2511273468635819,-0.5980219147904188,-0.4260671480646003
0.6903889193244751,1.9279126407598854,-0.011063649063436407,-0.1007247325048244,-0.07162540396932138,1.3378155600525392,1.963533787508771,0.5864503339883744,-0.4713817773223232,-0.7993707650187795,-0.9754357410572041
-0.11804011074465942,-0.001686087661273423,-0.26520689204238257,-0.21606469250895247,-0.20200083776906758,1.436513464376177,1.2579337953997851,0.044593351585780525,-0.34001648201579765,-1.2849710664843619,-0.7923128767263367
-0.8687242100945698,0.4331530624054664,-0.36686418923396097,-0.7165741272261673,-0.22380060454922518,-0.2589909662577516,0.8055842831914454,0.21458769900619173,1.499097652275601,-0.4659291734053641,-1.0669971732226378
2.0762672565858487,-0.7082997065197261,1.920424997576554,-0.27509351778311264,-0.42091432367128045,-0.9190949841896926,-0.44497522344601836,1.1176826696771816,-1.6536694350810794,0.1704140214658878,0.7642314700860428
-0.06029518002543575,-0.7626546002780686,0.548051485490245,-1.1413587048853713,-0.6418872329019851,-0.40064695195929617,-0.34435166755526103,-0.26352140311374056,-0.34001648201579765,0.534280828369045,-0.6091900123954677
1.1523483650782667,-0.4908801314863561,1.1579952686397155,1.8139789125707002,0.42154897079814674,-1.3874462383788675,-1.4559047957393745,0.6926968011261241,-0.2086511867092692,1.0572054085019418,0.9473543344169102
-1.215193794409913,0.5418628499221515,0.19225094531972037,-0.8528892563370019,0.014891257448007542,0.20936028793142325,0.7833172387540571,0.10834123186844209,0.973636471049487,0.8280438170361987,-1.0669971732226378
-0.9264691408137934,0.786459871834693,-1.027636620979221,0.011171724328328785,0.036470723384357036,0.4011130516741887,1.139843407020755,-0.4760143373892398,0.2511273468635819,-0.7318191256411961,-0.33450571589916656
-0.5799995564984504,1.1397666812639191,-0.9768079723834316,-0.8528892563370019,0.1440716766369032,-0.40064695195929617,0.2790596471084973,-0.49726363081681335,-0.4713817773223232,-1.0047069792537324,-0.6091900123954677
0.6326439886052514,-1.0887839628281235,1.6154531060018185,0.4280735379087408,-0.18022128403471893,-0.5558135282701412,-0.2965289215473455,0.48020386685062477,-1.259573549161494,-0.7318191256411961,1.4051614952440803
-1.9658778937598231,-0.5995899190030413,-1.3834371611497454,-0.3350668442435679,-0.8649586816877393,0.3080581922550612,0.18069902895743245,-2.739064087423578,2.6157026623810915,0.534280828369045,3.236390138552761
0.7481338500436988,-1.0887839628281235,1.259652565831294,-0.21606469250895247,-0.2893215592214473,-0.008031065920856856,-0.5530589648129944,-0.8531892957282864,0.31680999451684466,0.652786575054398,1.7714072239058167
-1.4461735172868087,0.4331530624054664,-0.8243220265960641,-0.7165741272261673,-0.4649429157930352,0.4891353975807159,-0.3937958290505031,-0.9913097030073963,1.5647802999288636,0.046231220178628976,0.3979857414243063
0.5171541271668031,0.05266880609706913,0.19225094531972037,-0.1007247325048244,0.5274042514338484,-0.2589909662577516,0.03829692584869563,0.15615214208045303,-0.4713817773223232,-0.5980219147904188,0.3979857414243063
1.3255831572359376,-0.9257192815530962,1.6662817545976076,-0.21606469250895247,1.357499359385153,-0.9190949841896926,-1.0105169343653688,1.011436202539432,-1.785034730387608,2.284808055081103,-0.9754357410572041
1.2678382265167139,-1.5779780066532063,1.0055093228523477,-0.3350668442435679,-0.4649429157930352,-1.1364863380419723,-0.6102609269432557,0.5864503339883744,-1.0625256062017028,1.446441348155312,0.48954717358974004
-1.734898170882928,-0.32781545021132874,-0.8243220265960641,-0.21606469250895247,-0.8649586816877393,0.3080581922550612,1.2579337953997851,-2.5903190334306814,1.499097652275601,1.3367139753146375,2.839623932502576
0.22842947357068366,-1.3062035378614938,1.259652565831294,-0.9943495515789766,0.5485181827607757,-0.1286800914503486,0.00041263792798731073,0.10834123186844209,-0.4056991296690604,-0.4659291734053641,-0.8838743088917704
-0.7532343486561219,-0.5995899190030413,-0.41769283782975025,-0.1007247325048244,-0.355025789530022,0.4891353975807159,-0.038482015866613706,-1.0284959665056204,0.5138579374766389,-0.5980219147904188,0.3979857414243063
-0.40676476434077885,-0.5995899190030413,-0.11272094625501494,1.3810073940418799,0.357806063241585,1.1775534652628536,1.2740495735249906,0.6076996274158889,-1.0625256062017028,-0.5317652039154718,-1.2501200375535069
-0.8687242100945698,0.5962177436804941,-0.8751506751918532,-0.3350668442435679,-0.049966345708440225,0.4891353975807159,1.4404796184545214,-0.5822608045269895,0.1854446992103162,-0.8673653691302385,-0.24294428373373284
1.9607773951474001,-1.360558431619836,1.0055093228523477,-0.8528892563370019,-0.7308617598150762,0.4011130516741887,-0.20534528910191016,0.08709193844086859,-1.0625256062017028,0.10850852433038116,0.1233014449280036
1.2678382265167139,-0.7626546002780686,0.9546806742565588,-0.21606469250895247,-0.2674609275648184,0.10429048966179916,-0.44497522344601836,-0.380392516965277,-1.6536694350810794,1.113713123125465,0.8557929022514765
1.2100932957974901,-0.5452350252446987,1.1579952686397155,-0.1007247325048244,-0.42091432367128045,-0.008031065920856856,-0.9357075582169517,-0.3697678702514902,-1.3909388444680224,1.2814117643803615,0.8557929022514765
0.40166426572835573,-0.7626546002780686,0.6497087826818234,-1.4538940655645356,-0.9547838275563088,0.9997751806707673,0.42955004616116593,-1.0178713197918337,-0.7341123679353802,1.0572054085019418,0.3979857414243063
-0.4645096950600025,0.10702369985541169,-0.1635495948508042,-0.45797139397563447,-0.20200083776906758,-0.40064695195929617,-0.3937958290505031,0.8520665018327485,0.9079538233962242,0.7699532450966583,-0.8838743088917704
-0.1757850414638831,0.5962177436804941,-0.26520689204238257,0.011171724328328785,0.1440716766369032,-1.3874462383788675,-0.16180584450052413,-0.3060199899688286,0.38249264217011036,-0.4659291734053641,0.48954717358974004
0.5748990578860278,-0.8170094940364111,1.0563379714481371,1.303721090205205,0.9461184940151518,-2.0475502563108083,-1.6807278711223133,-0.49195130745989046,-0.5370644249755889,-0.5317652039154718,2.503898681229288
-0.4645096950600025,0.27008838113043876,-0.6718360808086963,-0.21606469250895247,-0.22380060454922518,1.120424206200259,0.690685281382614,-0.21039816954486576,-0.2086511867092692,-0.4005085149373491,-0.6091900123954677
-0.6954894179368982,0.16137859361375423,-0.6718360808086963,-0.9943495515789766,-0.20200083776906758,-0.9190949841896926,-1.0105169343653688,-0.4122664571065783,-0.27433383436253195,-0.20668717137087902,-1.0669971732226378
-0.9264691408137934,-0.2734605564529862,-0.9768079723834316,-0.3350668442435679,-0.5090541907654498,0.4891353975807159,-0.1195285921723223,-0.6247593913821365,0.11976205155705344,-0.07945686382469022,-0.700751444560903
-0.5799995564984504,0.7049275311971792,-1.3834371611497454,-0.45797139397563447,-0.07162540396932138,-1.1364863380419723,-0.6697982988289571,0.8520665018327485,1.9588761858484491,1.7688239972765192,-0.517628580230034
2.134012187305072,-1.360558431619836,1.1071666200439263,-0.5850429846460344,-0.2893215592214473,-0.40064695195929617,-0.7967011797636002,0.48020386685062477,-2.179130616307193,0.046231220178628976,-0.517628580230034
0.343919335009132,0.1885560404929249,0.34473689110708816,0.6203337792954684,0.12259088225497147,0.3080581922550612,1.589848122774459,1.6489150053659887,0.4481752898233731,-0.27089257757012963,-0.8838743088917704
-0.40676476434077885,1.1397666812639191,-1.3834371611497454,-0.5850429846460344,0.27254554487755855,-1.1364863380419723,-1.5639885371063507,-0.7894414154456249,0.31680999451684466,-0.4005085149373491,0.48954717358974004
-0.5799995564984504,0.32444327488878133,-0.06189229765922567,3.310978892968952,-0.37696810501600153,1.5295683237953046,1.70161485367597,0.7458200346949988,0.38249264217011036,-1.0740660336561756,-0.9754357410572041
-0.6377444872176741,0.487507956163809,-1.07846526957501,0.11982434457825433,-0.20200083776906758,0.4011130516741887,1.1745703590665282,0.40583133985417646,1.3020497093158068,-0.7993707650187795,-0.700751444560903
-0.5799995564984504,-0.43652523772801355,0.4463941882986664,2.6639826731348832,-0.2893215592214473,-0.1286800914503486,1.2251579648231121,0.5864503339883744,0.11976205155705344,1.0572054085019418,0.031740012762569894
1.2100932957974901,-1.360558431619836,1.3613098630228726,0.32811420243229655,0.37907292482981314,-1.3874462383788675,-0.9357075582169517,1.1176826696771816,-0.4056991296690604,-0.1428768778651578,-0.8838743088917704
0.22842947357068366,0.8679922124722063,0.19225094531972037,0.6203337792954684,-0.02832724052109811,0.8694643058633642,1.122164850197256,1.861407939641488,1.1050017663560154,0.534280828369045,1.0389157665823439
-1.3306836558483608,-0.16475076893630108,-1.3834371611497454,-1.2943698657800562,-0.6640992884764463,0.20936028793142325,-0.4980160897989325,-1.1772410204984582,0.31680999451684466,-1.356236913825494,-0.8838743088917704
2.134012187305072,-0.7626546002780686,1.9712536461723433,0.6203337792954684,0.12259088225497147,-0.1286800914503486,-0.2965289215473455,1.542668538228239,-0.8654776632419086,-0.1428768778651578,0.30642430925887265
-0.5799995564984504,0.7592824249555218,-1.281779863958167,-0.21606469250895247,-0.3331039521762617,1.3378155600525392,1.3057565414077013,-0.5503868643856882,0.054079403903787744,0.1704140214658878,0.5505881283667251
-0.1757850414638831,0.487507956163809,0.2939082425112989,0.32811420243229655,0.014891257448007542,0.3080581922550612,0.00041263792798731073,0.26771093257506656,-0.01160324374947503,-0.4659291734053641,0.2148628770934373
-0.29127490290233093,0.16137859361375423,-0.41769283782975025,-0.45797139397563447,-0.13672266601177926,0.4011130516741887,1.5372852059852626,-0.26352140311374056,0.054079403903787744,-0.7318191256411961,-0.8838743088917704
-0.6377444872176741,0.27008838113043876,1.3613098630228726,-0.3350668442435679,0.5696131523147626,-2.0475502563108083,-1.9466371305103072,0.2623986092182026,0.11976205155705344,-0.5317652039154718,-0.1513828515682975
-0.002550249306211046,1.248476468780604,0.09059364812814184,1.603741404406284,-0.2674609275648184,-0.1286800914503486,-1.1727354167938804,-0.10415170240705715,0.9079538233962242,0.1704140214658878,0.9473543344169102
-0.8687242100945698,1.6289607250890015,-0.9259793237876425,-0.7165741272261673,-0.2893215592214473,-1.6842688003912574,-0.5530589648129944,-0.7203812118060994,0.4481752898233731,-1.356236913825494,-0.7923128767263367
-0.11804011074465942,-1.0887839628281235,0.8530233770649802,-1.1413587048853713,-0.9998255422583212,-1.1364863380419723,-1.5639885371063507,-0.6778826249510113,0.2511273468635819,-0.27089257757012963,0.2148628770934373
-0.06029518002543575,-1.1431388565864662,0.7513660798734018,-0.1007247325048244,0.22979895069687156,-2.0475502563108083,-1.9466371305103072,-0.869126265798996,-0.27433383436253195,-0.664704716765728,1.679845791740383
-1.0419590022522414,0.7592824249555218,-1.3834371611497454,1.675138857168375,-0.6640992884764463,-0.2589909662577516,-0.8645489050776838,-0.9647480862229589,0.9079538233962242,-0.5980219147904188,1.222038630913213
0.9213686422013708,-1.1431388565864662,1.4629671602144512,-0.45797139397563447,-0.3112025547670527,-2.0475502563108083,-2.1003015527539786,-0.7203812118060994,-1.0625256062017028,0.4745161674074204,0.8557929022514765
-0.29127490290233093,-0.6539448127613838,2.072910943363922,-0.8528892563370019,7.035318666498176,0.4891353975807159,0.8914009801210345,0.32083416614394134,-1.522304139774551,3.472505333838894,-1.0669971732226378
0.343919335009132,1.1941215750222616,-0.6718360808086963,0.11982434457825433,-0.02832724052109811,-0.5558135282701412,-0.2965289215473455,0.8201925616914472,0.1854446992103162,-0.07945686382469022,0.031740012762569894
-0.29127490290233093,2.063799875155742,-1.027636620979221,-0.5850429846460344,-0.6418872329019851,0.8001765375260035,0.34113127346439903,-0.7681921220181103,1.3020497093158068,-1.500255061897504,0.2148628770934373
-0.9842140715330177,-0.16475076893630108,-1.3834371611497454,-0.7165741272261673,-0.553248459718999,0.7278083201618196,-0.3937958290505031,-1.6872240627597508,0.8422711757429585,-0.664704716765728,1.679845791740383
-0.002550249306211046,-1.360558431619836,1.0563379714481371,-0.3350668442435679,0.12259088225497147,-1.1364863380419723,-1.5639885371063507,-1.3897339547740164,-0.34001648201579765,-0.20668717137087902,1.7714072239058167
-1.5616633787252565,1.7376705126056866,-1.1292939181707995,-1.2943698657800562,-0.9322953174425347,-0.1286800914503486,1.2416379489885754,-2.2822042787312196,1.6304629475821293,1.0003880610202125,2.229214384732987
0.4594091964475794,1.330008809418118,-0.26520689204238257,-0.21606469250895247,-0.18022128403471893,-0.1286800914503486,0.3712037425986111,0.48020386685062477,-0.8654776632419086,-0.9358087857581127,-0.7923128767263367
-0.1757850414638831,1.6289607250890015,-0.011063649063436407,-0.45797139397563447,-0.15846190589726822,-0.2589909662577516,0.7607049550960638,-0.09352705569332938,-0.14296853905600349,-1.1438921559162405,-0.6091900123954677
0.28617440428990837,-0.05604098141961598,0.34473689110708816,0.32811420243229655,-0.006708051678204481,0.9359231997705247,1.7135207408589455,0.7989432682638736,-0.34001648201579765,-0.27089257757012963,-0.8838743088917704
-0.40676476434077885,-0.6539448127613838,1.1071666200439263,-0.45797139397563447,0.014891257448007542,0.3080581922550612,0.21422839252975528,0.6926968011261241,1.1050017663560154,-0.07945686382469022,-1.2501200375535069
-0.9842140715330177,-0.4908801314863561,-0.6210074322129072,-0.3350668442435679,-0.24562062192846684,0.8001765375260035,0.5129134824944236,-0.5291375709581146,0.054079403903787744,-0.20668717137087902,-1.0669971732226378
-0.8687242100945698,1.330008809418118,-1.3834371611497454,0.6203337792954684,0.3152144885265268,-0.7273422204469264,-0.6697982988289571,-0.10415170240705715,0.9079538233962242,-0.5980219147904188,0.2148628770934373
1.0368585036398181,-1.360558431619836,0.9546806742565588,-0.7165741272261673,-0.8201745937277777,-1.3874462383788675,-1.4559047957393745,0.37395739971281616,-1.785034730387608,0.8280438170361987,-0.24294428373373284
0.5748990578860278,-0.2734605564529862,0.09059364812814184,-0.3350668442435679,0.8421375937154669,-1.1364863380419723,-1.1727354167938804,0.055217998299567285,-0.6027470726288516,0.4144050427081428,0.6726700379206074
1.3833280879551613,-0.7082997065197261,1.0563379714481371,-0.3350668442435679,0.8004160072232396,0.20936028793142325,0.4006686453501005,0.6926968011261241,-1.8507173780408737,0.9432576687221982,-0.700751444560903
-0.29127490290233093,-0.2734605564529862,2.072910943363922,-0.8528892563370019,6.187592491673487,0.10429048966179916,-0.20534528910191016,-0.07227776226575586,-1.456621492121288,2.284808055081103,-1.2501200375535069
0.5748990578860278,-1.1431388565864662,1.51379580881024,-0.45797139397563447,-0.2893215592214473,1.120424206200259,0.8055842831914454,0.10834123186844209,-0.2086511867092692,0.8280438170361987,0.2148628770934373
-0.6954894179368982,0.6505726374388366,-0.46852148642553954,-0.7165741272261673,-0.37696810501600153,-0.008031065920856856,0.11123527790389993,0.1614644654373169,0.8422711757429585,-0.33549802003305695,-1.2501200375535069
-0.8109792793753455,0.27008838113043876,-0.36686418923396097,-0.7841120434145611,-0.6418872329019851,-0.7273422204469264,-0.7318699251848588,-1.8465937634663752,0.4481752898233731,-1.0740660336561756,1.1304771987477775
-1.272938725129137,-1.034429069069781,-0.11272094625501494,-0.7165741272261673,-0.07162540396932138,-1.6842688003912574,-0.3937958290505031,-1.092243846788282,0.31680999451684466,-1.427995954344743,-0.33450571589916656
1.2100932957974901,-1.5779780066532063,0.9546806742565588,-0.7165741272261673,-0.2674609275648184,-1.1364863380419723,-0.7967011797636002,0.48020386685062477,-0.4056991296690604,2.081485070630431,0.30642430925887265
-0.8109792793753455,-0.2734605564529862,-0.36686418923396097,-0.5850429846460344,-0.11500352713691192,-0.5558135282701412,-0.6697982988289571,-0.4494527206048024,0.5138579374766389,-1.500255061897504,-1.2959007536362228
-0.40676476434077885,-0.21910566269464365,-0.06189229765922567,-0.9943495515789766,3.0106912799618724,-0.40064695195929617,1.2416379489885754,0.055217998299567285,-1.3252561968147596,0.8858107629408075,-1.0669971732226378
-1.6194083094444802,-0.21910566269464365,-1.2309512153623778,-0.7165741272261673,-0.9547838275563088,1.1775534652628536,1.2251579648231121,-3.1321760158332754,1.236367061662544,1.0003880610202125,3.236390138552761
-0.4645096950600025,0.5962177436804941,-1.3834371611497454,0.011171724328328785,-0.22380060454922518,0.4891353975807159,-0.34435166755526103,-0.10415170240705715,0.054079403903787744,-0.33549802003305695,-0.4260671480646003
-0.06029518002543575,-0.4908801314863561,-0.1635495948508042,-0.1007247325048244,-0.531140931480354,-0.40064695195929617,-0.3937958290505031,-0.30070766661196474,-0.4056991296690604,-0.7993707650187795,-0.24294428373373284
-0.5222546257792262,-0.9257192815530962,0.09059364812814184,0.22541591693410137,-0.006708051678204481,1.0612170696061296,0.9526042152154148,-0.13071331919155355,0.5138579374766389,0.1704140214658878,0.48954717358974004
0.28617440428990837,-0.4908801314863561,1.1071666200439263,0.4280735379087408,-0.09330445213452575,0.4891353975807159,1.5768839211406933,0.7989432682638736,-0.07728589140274073,-0.33549802003305695,-0.8838743088917704
-1.3884285865675843,0.4331530624054664,-0.9768079723834316,-0.3350668442435679,-0.355025789530022,0.3080581922550612,-0.6102609269432557,-1.5597283021944275,1.6304629475821293,0.7115354006028793,0.5811086057551738
-0.34901983362155464,0.37879816864712385,-1.07846526957501,-0.45797139397563447,-0.18022128403471893,0.572641743850974,0.14638066721567233,0.14552749536666626,0.5138579374766389,-0.20668717137087902,-0.33450571589916656
-0.23352997218310678,-1.7953975816865761,0.39556553970287717,-0.8528892563370019,-0.7308617598150762,-0.9190949841896926,-1.261154189490648,-1.1241177869295833,0.054079403903787744,0.8858107629408075,1.3136000630786466
-0.06029518002543575,1.0854117875055764,-0.31603554063817185,-0.8528892563370019,-0.2893215592214473,-1.3874462383788675,-1.4559047957393745,0.055217998299567285,-0.7341123679353802,-0.8673653691302385,-0.8838743088917704
-0.40676476434077885,0.6233951905596653,-1.2309512153623778,-0.5850429846460344,-0.02832724052109811,0.10429048966179916,0.6171337432428524,0.10834123186844209,0.38249264217011036,-1.2849710664843619,-0.1513828515682975
-0.40676476434077885,-0.16475076893630108,0.09059364812814184,-0.1007247325048244,-0.02832724052109811,-1.3874462383788675,-1.3552812398486171,-0.8903755592265106,0.054079403903787744,-0.20668717137087902,0.9473543344169102
-0.002550249306211046,0.37879816864712385,-0.11272094625501494,-0.21606469250895247,0.6538040919789003,-0.5558135282701412,0.03829692584869563,-0.28477069654125514,-1.0625256062017028,-0.7993707650187795,-0.6091900123954677
-0.9842140715330177,1.7648479594848578,-1.281779863958167,0.011171724328328785,-0.553248459718999,0.20936028793142325,-0.6697982988289571,-0.2263351396155164,1.499097652275601,-0.33549802003305695,0.48954717358974004
-0.1757850414638831,0.27008838113043876,0.03976499953235286,0.803211655487991,-0.4649429157930352,0.7278083201618196,1.6154358506755495,0.32083416614394134,-0.6027470726288516,-0.7318191256411961,-0.9754357410572041
0.5171541271668031,1.2212990219014328,-0.46852148642553954,-0.21606469250895247,1.2757975482500585,-0.40064695195929617,1.4688001797737171,0.10834123186844209,-2.9016397404930983,3.694551077109105,-0.24294428373373284
0.4594091964475794,1.438718596934803,-1.3834371611497454,0.22541591693410137,0.18697442284646673,-0.2589909662577516,-0.4980160897989325,1.4364220710904303,0.2511273468635819,1.0572054085019418,-0.9754357410572041
0.17068454285145998,0.6233951905596653,-0.11272094625501494,-0.45797139397563447,-0.09330445213452575,-0.7273422204469264,-0.3937958290505031,0.7723816514794363,-0.2086511867092692,-0.33549802003305695,-0.4260671480646003
-0.8109792793753455,-0.7082997065197261,-0.1635495948508042,0.11982434457825433,-0.09330445213452575,1.2861281450260094,0.2790596471084973,-0.42289110382036504,-0.34001648201579765,-0.4659291734053641,-0.4260671480646003
2.364991910181968,-0.5995899190030413,1.1071666200439263,1.881516828759094,-0.3112025547670527,0.572641743850974,0.21422839252975528,0.5864503339883744,-1.9164000256941363,-0.27089257757012963,-0.8838743088917704
-0.1757850414638831,3.531382006630989,-0.31603554063817185,-0.5850429846460344,-0.09330445213452575,0.10429048966179916,0.14638066721567233,-0.7310058585198861,0.1854446992103162,-1.2141916792297063,0.031740012762569894
-0.29127490290233093,-0.001686087661273423,0.2939082425112989,0.011171724328328785,-0.15846190589726822,0.9359231997705247,1.9535099468099046,-0.07759008562261975,-0.07728589140274073,-0.33549802003305695,-0.8838743088917704
-0.6954894179368982,0.37879816864712385,-1.3834371611497454,-0.7165741272261673,-0.2893215592214473,0.3080581922550612,-0.1195285921723223,0.26771093257506656,1.0393191187027526,0.29312716929290655,-0.517628580230034
-0.34901983362155464,0.8679922124722063,-1.1292939181707995,0.32811420243229655,-0.2674609275648184,0.20936028793142325,-0.44497522344601836,0.37395739971281616,-0.34001648201579765,-0.27089257757012963,-1.2501200375535069
-1.099703932971465,-0.8170094940364111,-0.6718360808086963,-0.21606469250895247,-1.0901689113962936,0.20936028793142325,-0.5530589648129944,-0.826627678943849,0.8422711757429585,-0.016422384166277514,0.5811086057551738
-0.4645096950600025,0.37879816864712385,-1.2309512153623778,-0.7165741272261673,0.16553284489058287,0.9997751806707673,1.4115982176434574,-0.9010002059402973,0.2511273468635819,-0.7318191256411961,-0.33450571589916656
-0.002550249306211046,1.3571862562972892,-0.8751506751918532,0.22541591693410137,-0.13672266601177926,1.9286318096471193,1.2251579648231121,0.8520665018327485,1.1050017663560154,-0.7993707650187795,-0.4260671480646003
0.055194681413012626,-0.7626546002780686,-0.8751506751918532,-0.8528892563370019,-0.2674609275648184,-1.1364863380419723,-0.5530589648129944,-0.47070201403237594,-1.456621492121288,-1.500255061897504,-0.700751444560903
-0.7532343486561219,-0.5452350252446987,0.1414222967239311,-0.45797139397563447,-0.049966345708440225,-1.1364863380419723,0.07522201407640439,-1.719098002901052,0.11976205155705344,-1.2849710664843619,1.3136000630786466
0.8058787807629224,-0.001686087661273423,1.6662817545976076,-0.45797139397563447,-1.0675504724606855,-1.3874462383788675,-0.9357075582169517,-0.4494527206048024,-0.07728589140274073,1.2258130254288109,1.7714072239058167
0.4594091964475794,-1.360558431619836,1.0563379714481371,-0.7165741272261673,-0.44291830375311186,1.0612170696061296,0.3104256534278455,0.0020947647306924716,0.054079403903787744,2.1836449114874465,0.1233014449280036
-0.4645096950600025,-0.5995899190030413,0.24307959391550962,0.32811420243229655,-0.44291830375311186,-0.9190949841896926,-0.5530589648129944,-0.22102281625859355,-0.4713817773223232,-1.427995954344743,-0.059821419402863805
-0.29127490290233093,0.6233951905596653,-1.3834371611497454,2.440139876210705,-0.02832724052109811,-1.3874462383788675,-1.0105169343653688,1.011436202539432,0.5795405851299016,-0.664704716765728,-0.7923128767263367
-0.23352997218310678,-0.05604098141961598,-0.06189229765922567,-0.5850429846460344,-0.18022128403471893,1.8188362698155356,1.9127111163828923,-0.15727493597599096,-0.5370644249755889,-0.7318191256411961,-0.8838743088917704
-0.5799995564984504,0.6505726374388366,-1.3834371611497454,-1.620510515218982,-0.4869881985183376,0.20936028793142325,-0.7967011797636002,-1.1134931402157966,0.5138579374766389,-1.2141916792297063,-0.4260671480646003
0.40166426572835573,-0.9257192815530962,1.259652565831294,-0.3350668442435679,0.5062713242147311,-1.3874462383788675,-1.8076307520569563,-0.5397622176719014,-0.01160324374947503,-0.20668717137087902,0.7642314700860428
-0.29127490290233093,-1.1431388565864662,0.8530233770649802,0.32811420243229655,0.357806063241585,-0.7273422204469264,-1.0893719804606232,0.3314588128577281,0.11976205155705344,0.7699532450966583,0.48954717358974004
-0.6954894179368982,0.7049275311971792,-1.3834371611497454,1.3810073940418799,-0.02832724052109811,0.4011130516741887,0.2790596471084973,0.48020386685062477,0.973636471049487,-0.7318191256411961,-0.8838743088917704
-0.7532343486561219,0.37879816864712385,0.1414222967239311,1.8139789125707002,-0.42091432367128045,0.6520729520110842,1.5638034470884326,1.2983016638113796,-0.07728589140274073,2.8242230012394423,-0.24294428373373284
0.8636237114821471,-1.034429069069781,0.5988801340860342,-1.2943698657800562,-0.4649429157930352,-2.0475502563108083,-2.272083761784004,-1.0603699066469217,-0.7997950155886459,-0.664704716765728,0.8557929022514765
-0.9264691408137934,-1.360558431619836,0.03976499953235286,0.011171724328328785,-1.6860256643865172,1.574174314760039,1.4261104078329123,-3.2171731895435105,-0.34001648201579765,-1.7944347915156753,1.1304771987477775
-0.1757850414638831,-0.2734605564529862,0.34473689110708816,-0.21606469250895247,-0.3112025547670527,0.3080581922550612,-0.5530589648129944,-1.6447254759046037,-0.2086511867092692,0.046231220178628976,1.7714072239058167
1.5565628801128333,-1.4692682191365212,2.072910943363922,0.17299194436100587,-0.049966345708440225,-0.40064695195929617,-0.5530589648129944,0.1614644654373169,-0.8654776632419086,-0.27089257757012963,1.222038630913213
-1.5616633787252565,-1.1974937503448086,0.4972228368944557,-1.2943698657800562,-0.2893215592214473,-0.1286800914503486,1.3671745880615889,-0.6885072716647981,0.054079403903787744,-0.4659291734053641,-1.1585586053880732
0.055194681413012626,0.32444327488878133,0.09059364812814184,0.22541591693410137,0.46394834516168726,1.3378155600525392,1.6775074770314506,0.6980091244829879,-1.0625256062017028,-1.0047069792537324,-1.2501200375535069
-0.40676476434077885,-0.6539448127613838,-0.1635495948508042,-0.7165741272261673,-0.15846190589726822,-1.6842688003912574,-1.6807278711223133,-0.26352140311374056,-0.2086511867092692,-0.4005085149373491,-0.8838743088917704
0.9213686422013708,0.05266880609706913,-0.06189229765922567,-0.45797139397563447,0.5062713242147311,-0.9190949841896926,0.690685281382614,0.20927537564932783,-2.44186120692025,1.8740953580282613,-0.24294428373373284
-0.11804011074465942,1.3843637031764606,1.259652565831294,-0.45797139397563447,0.7376943490753141,1.6175906697018319,2.0413369308677414,0.10834123186844209,-0.6684297202821173,0.23195212476390475,-1.0669971732226378
-1.3306836558483608,-1.0887839628281235,0.24307959391550962,5.289136944799699,-0.7308617598150762,-1.1364863380419723,1.602698100883034,-0.5185129242443279,-0.07728589140274073,-0.5980219147904188,0.9473543344169102
0.5171541271668031,-0.38217034396967103,-0.21437824344659331,0.22541591693410137,0.07957027129221486,0.4891353975807159,1.0492264981420518,1.3408002506664676,-1.0625256062017028,-0.9358087857581127,-0.9754357410572041
0.6903889193244751,0.2157334873720962,-0.011063649063436407,-0.1007247325048244,-0.11500352713691192,0.8694643058633642,1.9535099468099046,0.5970749807021611,-0.27433383436253195,-0.664704716765728,-0.9754357410572041
-0.6954894179368982,0.32444327488878133,-1.3834371611497454,-0.21606469250895247,-0.20200083776906758,1.0612170696061296,0.247004223106429,-0.7841290920887609,0.7109058804364301,0.1704140214658878,0.30642430925887265
0.28617440428990837,-0.5995899190030413,-0.31603554063817185,0.11982434457825433,0.1010904258159411,1.436513464376177,1.2416379489885754,0.8148802383345243,-0.7997950155886459,-0.8673653691302385,-1.1585586053880732
-0.6377444872176741,-0.7626546002780686,0.24307959391550962,-0.7165741272261673,-0.4869881985183376,1.4837056621198097,0.690685281382614,0.23583699243376524,0.973636471049487,0.7699532450966583,-0.517628580230034
-0.9264691408137934,1.248476468780604,-1.281779863958167,-0.7165741272261673,-0.20200083776906758,-1.1364863380419723,-1.5639885371063507,-0.3697678702514902,1.5647802999288636,-0.1428768778651578,-0.47184786414731794
0.17068454285145998,-0.8170094940364111,0.4463941882986664,0.6203337792954684,-0.13672266601177926,1.2861281450260094,1.6775074770314506,0.1614644654373169,-0.7341123679353802,-0.5980219147904188,-0.9754357410572041
-0.34901983362155464,1.6561381719681727,-1.3834371611497454,0.22541591693410137,-0.13672266601177926,-1.1364863380419723,-1.3552812398486171,0.42708063328174994,-0.07728589140274073,-0.8673653691302385,-1.0669971732226378
-0.6954894179368982,0.32444327488878133,-1.3834371611497454,-0.3350668442435679,0.07957027129221486,-0.5558135282701412,-1.3552812398486171,-0.9647480862229589,0.7109058804364301,-0.664704716765728,0.9473543344169102
2.5959716330588636,-1.2518486441031513,2.377882834938657,0.22541591693410137,0.16553284489058287,-0.5558135282701412,-0.3937958290505031,1.4364220710904303,-0.7341123679353802,0.7115354006028793,0.30642430925887265
3.28891080168955,-0.6539448127613838,1.8187677003849754,1.303721090205205,0.036470723384357036,-1.1364863380419723,0.34113127346439903,2.4988867424681036,-1.982082673347402,0.9432576687221982,0.30642430925887265
0.17068454285145998,-0.001686087661273423,-0.26520689204238257,-0.45797139397563447,0.27254554487755855,-0.9190949841896926,-0.44497522344601836,0.0020947647306924716,-0.7341123679353802,-0.5980219147904188,-0.24294428373373284
-0.7532343486561219,0.8679922124722063,-1.3834371611497454,-0.5850429846460344,0.5696131523147626,-2.0475502563108083,-1.8076307520569563,-0.17852422940350549,0.2511273468635819,-0.33549802003305695,-0.700751444560903
1.1523483650782667,-0.6539448127613838,0.7513660798734018,0.011171724328328785,2.569475627802491,-1.1364863380419723,-1.3552812398486171,1.4364220710904303,-0.7997950155886459,-0.20668717137087902,-0.8838743088917704
-0.4645096950600025,-0.21910566269464365,-0.36686418923396097,0.22541591693410137,4.767715451429817,-0.7273422204469264,-1.3552812398486171,0.055217998299567285,-0.6684297202821173,1.446441348155312,0.031740012762569894
1.0946034343590418,-1.3062035378614938,1.920424997576554,0.011171724328328785,-0.2674609275648184,-1.1364863380419723,-1.0893719804606232,-0.555699187742552,-0.6027470726288516,-0.1428768778651578,1.222038630913213
-0.6377444872176741,1.0582343406264052,-1.1292939181707995,1.9148348520313225,-0.02832724052109811,-1.6842688003912574,-1.6807278711223133,-0.26352140311374056,0.6452232327831673,-1.7944347915156753,0.3979857414243063
0.6326439886052514,0.8408147655930356,-0.06189229765922567,0.011171724328328785,-0.11500352713691192,0.8694643058633642,1.9434167364194452,0.5864503339883744,-0.2086511867092692,-0.664704716765728,-0.9754357410572041
0.17068454285145998,-0.05604098141961598,0.548051485490245,-1.1413587048853713,0.18697442284646673,-1.3874462383788675,-1.0105169343653688,-0.019154528696881046,-0.7341123679353802,-0.8673653691302385,-0.9754357410572041
-0.06029518002543575,0.37879816864712385,-0.5193501350213287,-0.1007247325048244,-0.3331039521762617,-0.2589909662577516,0.9724475564267431,-0.21039816954486576,-0.7341123679353802,-1.356236913825494,-1.0669971732226378
-1.1574488636906892,0.37879816864712385,-0.8751506751918532,-0.9943495515789766,-0.8649586816877393,-0.1286800914503486,-0.4980160897989325,-1.9315909371765512,1.5647802999288636,-0.9358087857581127,1.496722927409514
-0.8687242100945698,0.16137859361375423,-0.26520689204238257,-0.7165741272261673,-0.2893215592214473,0.20936028793142325,-0.6102609269432557,-1.230364254067333,0.5795405851299016,1.0003880610202125,0.6726700379206074
2.5959716330588636,0.4603305092846377,1.9712536461723433,2.60926268031359,-0.09330445213452575,-0.9190949841896926,0.18069902895743245,2.9238726110191022,-1.5879867874278166,0.4745161674074204,-0.4260671480646003
0.9791135729205945,-0.6539448127613838,0.9038520256607695,2.8235068729193626,-0.355025789530022,-1.1364863380419723,-1.3552812398486171,0.17208911215110367,-0.6684297202821173,-1.0740660336561756,1.222038630913213
1.3833280879551613,2.009444981397399,0.34473689110708816,3.0261644938940013,0.5274042514338484,0.8694643058633642,1.4115982176434574,3.290422922644421,-0.6027470726288516,0.1704140214658878,-1.0669971732226378
0.28617440428990837,-1.0887839628281235,0.7005374312776125,2.6639826731348832,-0.3112025547670527,-0.9190949841896926,-1.4559047957393745,-0.061653115551969104,-0.07728589140274073,-0.20668717137087902,1.496722927409514
-0.40676476434077885,-0.9800741753114388,1.6662817545976076,0.22541591693410137,-0.3112025547670527,0.8694643058633642,0.247004223106429,-0.07227776226575586,0.4481752898233731,0.8280438170361987,0.5811086057551738
0.5748990578860278,-1.4149133253781787,0.7005374312776125,-0.45797139397563447,0.07957027129221486,-1.1364863380419723,-1.1727354167938804,0.6926968011261241,-0.2086511867092692,0.29312716929290655,-0.700751444560903
-1.0419590022522414,-0.38217034396967103,-0.6718360808086963,0.011171724328328785,0.5696131523147626,-0.5558135282701412,0.00041263792798731073,0.3314588128577281,2.2872894241147717,-0.016422384166277514,-0.6091900123954677
0.6326439886052514,-0.6539448127613838,1.0563379714481371,1.881516828759094,-0.3331039521762617,-0.40064695195929617,-0.8645489050776838,0.32083416614394134,0.1854446992103162,0.8280438170361987,1.5882843595749478
-0.34901983362155464,0.8679922124722063,1.1071666200439263,-0.7165741272261673,0.5906891941232267,0.6520729520110842,1.589848122774459,0.055217998299567285,-0.6684297202821173,0.3539434138436254,-1.0669971732226378
0.22842947357068366,0.5146854030429803,-0.5701787836171179,-0.45797139397563447,0.2938897053826755,-0.008031065920856856,0.4006686453501005,-0.26352140311374056,-1.1282082538549656,-0.5317652039154718,0.48954717358974004
-0.1757850414638831,-1.5236231128948639,0.8021947284691909,-0.8528892563370019,-0.44291830375311186,0.8001765375260035,0.42955004616116593,-1.1134931402157966,0.4481752898233731,-0.33549802003305695,1.3136000630786466
-0.8109792793753455,0.5418628499221515,-1.3326085125539562,0.011171724328328785,-0.24562062192846684,0.10429048966179916,0.07522201407640439,-0.7841290920887609,0.1854446992103162,-0.7993707650187795,0.30642430925887265
-0.7532343486561219,-0.11039587517795853,-0.9259793237876425,-0.3350668442435679,-0.553248459718999,-1.6842688003912574,-1.9466371305103072,-0.4547650439617253,0.2511273468635819,-0.7318191256411961,0.031740012762569894
-0.40676476434077885,1.4115411500556319,-0.31603554063817185,-0.1007247325048244,-0.006708051678204481,0.7278083201618196,0.870415537770188,-0.6353840380958643,-1.259573549161494,-1.427995954344743,-1.1585586053880732
0.40166426572835573,1.4658960438139743,-0.7734933780002748,0.011171724328328785,-0.09330445213452575,-0.7273422204469264,-0.3937958290505031,0.8839404419741087,0.11976205155705344,-0.016422384166277514,-0.059821419402863805
-0.4645096950600025,-0.5452350252446987,0.1414222967239311,-0.21606469250895247,-0.553248459718999,-1.1364863380419723,-1.5639885371063507,-0.9275618227247348,0.8422711757429585,0.4144050427081428,0.9473543344169102
-1.099703932971465,1.438718596934803,-1.3834371611497454,-0.21606469250895247,-0.4869881985183376,1.1775534652628536,0.4856516965978687,-1.5491036554806408,1.1706844140092811,-0.8673653691302385,1.0389157665823439
-0.8109792793753455,-0.21910566269464365,-0.41769283782975025,-0.8528892563370019,-0.18022128403471893,-0.008031065920856856,-0.4980160897989325,-0.6513210081665739,0.4481752898233731,-0.07945686382469022,-0.6091900123954677
-0.6377444872176741,-0.05604098141961598,-1.027636620979221,-1.2943698657800562,-0.2893215592214473,-1.3874462383788675,-0.8645489050776838,0.32083416614394134,0.054079403903787744,0.9432576687221982,-0.7923128767263367
1.3833280879551613,-0.38217034396967103,0.5988801340860342,-0.45797139397563447,-0.5753768146477115,-0.9190949841896926,-1.261154189490648,0.7458200346949988,-0.8654776632419086,-0.20668717137087902,-0.8838743088917704
1.8452875337089527,-1.1974937503448086,1.2088239172355049,-0.21606469250895247,-0.18022128403471893,0.10429048966179916,-0.3937958290505031,0.7989432682638736,-1.8507173780408737,1.6088855054858067,-0.6091900123954677
1.2678382265167139,-1.4692682191365212,1.0055093228523477,-0.5850429846460344,-0.20200083776906758,-1.1364863380419723,-0.6102609269432557,0.48020386685062477,-0.8654776632419086,2.1836449114874465,0.3979857414243063
-0.23352997218310678,-1.2518486441031513,2.072910943363922,3.782809894455851,-0.8201745937277777,1.6388722384306555,2.908042004362747,-1.8784677036076765,-1.982082673347402,-0.9358087857581127,1.679845791740383
0.9213686422013708,1.031056893747234,1.4121385116186618,-0.8528892563370019,1.0289730667640828,0.9359231997705247,0.4856516965978687,0.43770527999547776,0.2511273468635819,1.6624729114265595,-0.4260671480646003
-0.002550249306211046,0.4331530624054664,0.1414222967239311,-0.3350668442435679,-0.07162540396932138,-0.2589909662577516,0.42955004616116593,0.26771093257506656,0.5795405851299016,-0.27089257757012963,-0.24294428373373284
-1.5616633787252565,0.7049275311971792,-1.3834371611497454,-0.21606469250895247,-0.006708051678204481,-2.0475502563108083,-1.6807278711223133,-1.5491036554806408,2.6157026623810915,-0.1428768778651578,2.1376529525675534
0.1129396121322363,-1.9041073692032613,1.2088239172355049,-0.7841120434145611,-0.355025789530022,1.9286318096471193,1.2416379489885754,-0.7735044453749742,0.11976205155705344,0.652786575054398,1.222038630913213
1.7297976722705053,-0.8713643877947537,0.7005374312776125,-0.1007247325048244,0.014891257448007542,-1.1364863380419723,-1.1727354167938804,1.1176826696771816,-1.456621492121288,0.8858107629408075,-1.0669971732226378
-0.6954894179368982,0.37879816864712385,-1.3326085125539562,-0.1007247325048244,-0.18022128403471893,0.9359231997705247,0.00041263792798731073,-0.826627678943849,0.5795405851299016,-0.27089257757012963,0.3979857414243063
0.6903889193244751,1.792025406364029,-0.06189229765922567,-0.5850429846460344,-0.18022128403471893,-0.008031065920856856,-0.3937958290505031,0.22521234571997847,-0.4056991296690604,-0.20668717137087902,-0.4260671480646003
-0.5222546257792262,-0.8713643877947537,0.8021947284691909,0.22541591693410137,-0.11500352713691192,0.4891353975807159,1.139843407020755,0.20396305229240497,0.11976205155705344,0.1704140214658878,-0.700751444560903
0.9791135729205945,-0.4908801314863561,1.1071666200439263,0.32811420243229655,-0.22380060454922518,-0.2589909662577516,-0.9357075582169517,-0.21039816954486576,-0.5370644249755889,-0.1428768778651578,1.0389157665823439
-1.272938725129137,-1.1431388565864662,-0.11272094625501494,-0.1007247325048244,-0.355025789530022,0.8694643058633642,0.6420653431817784,-0.19446119947415613,0.7109058804364301,1.8215932713235188,0.1233014449280036
0.8636237114821471,-1.5236231128948639,1.1071666200439263,0.32811420243229655,0.014891257448007542,0.20936028793142325,-0.16180584450052413,0.7989432682638736,0.7109058804364301,1.446441348155312,-0.4260671480646003
0.9791135729205945,-1.3062035378614938,0.6497087826818234,0.5254362311351806,0.22979895069687156,-0.40064695195929617,-0.4980160897989325,2.0739008739169873,1.1050017663560154,1.5008726540982684,-0.700751444560903
0.8636237114821471,0.7049275311971792,0.5988801340860342,0.803211655487991,-0.09330445213452575,0.7278083201618196,0.6665779047380944,1.1708059032460563,0.38249264217011036,0.3539434138436254,0.9473543344169102
-0.6377444872176741,0.2157334873720962,-1.1292939181707995,-0.1007247325048244,-0.13672266601177926,0.3080581922550612,-0.038482015866613706,-0.5610115110994749,0.4481752898233731,-0.33549802003305695,-0.1513828515682975
-0.23352997218310678,-0.8713643877947537,-0.21437824344659331,-0.7165741272261673,-0.22380060454922518,0.8694643058633642,0.4006686453501005,-0.21039816954486576,-0.2086511867092692,0.10850852433038116,-1.0669971732226378
0.28617440428990837,-1.4149133253781787,0.9546806742565588,-0.3350668442435679,0.16553284489058287,0.6520729520110842,-0.34435166755526103,-0.9647480862229589,-0.34001648201579765,-0.5980219147904188,0.7642314700860428
-0.06029518002543575,-0.9800741753114388,0.2939082425112989,0.011171724328328785,-0.24562062192846684,-0.2589909662577516,0.34113127346439903,-0.3750801936083541,-0.27433383436253195,0.9432576687221982,0.48954717358974004
-0.5222546257792262,0.5418628499221515,-1.027636620979221,0.011171724328328785,0.05803038255708264,-0.2589909662577516,0.00041263792798731073,0.6395735675572493,0.7765885280896958,0.652786575054398,-0.700751444560903
-0.11804011074465942,0.24291093425126747,-0.26520689204238257,-0.3350668442435679,-0.22380060454922518,-0.1286800914503486,0.8055842831914454,0.0020947647306924716,-0.14296853905600349,-0.9358087857581127,-1.1585586053880732
-0.40676476434077885,-0.6539448127613838,0.2939082425112989,0.11982434457825433,-0.20200083776906758,-1.1364863380419723,-0.6697982988289571,-0.5291375709581146,-0.07728589140274073,-0.4659291734053641,0.6726700379206074
-0.9264691408137934,-0.5995899190030413,-0.011063649063436407,3.901812046190466,-0.42091432367128045,0.9359231997705247,1.9931984660404012,-1.007246673078047,-0.9968429585484371,-0.5317652039154718,0.7642314700860428
-0.6954894179368982,-0.7626546002780686,-0.7734933780002748,-0.3350668442435679,-0.4869881985183376,0.10429048966179916,-0.6102609269432557,-2.218456398448558,-0.07728589140274073,-0.7993707650187795,2.5954601133947235
-0.34901983362155464,0.8679922124722063,-0.26520689204238257,-0.5850429846460344,-0.07162540396932138,0.4891353975807159,1.3367888414950395,-0.3166446366826154,-0.01160324374947503,-1.1438921559162405,-0.8838743088917704
0.7481338500436988,-0.5995899190030413,0.39556553970287717,-0.3350668442435679,-0.09330445213452575,0.4011130516741887,0.03829692584869563,-0.2528967563999538,-0.5370644249755889,0.046231220178628976,0.5811086057551738
-0.4645096950600025,0.5418628499221515,-0.7734933780002748,2.202075566610983,0.5062713242147311,2.0966174823081176,1.5638034470884326,0.8520665018327485,-0.34001648201579765,0.7115354006028793,-0.9754357410572041
-0.9842140715330177,-0.16475076893630108,-1.1801225667665884,-0.3350668442435679,-0.42091432367128045,-1.1364863380419723,-1.3552812398486171,-0.6353840380958643,0.5138579374766389,-0.07945686382469022,-0.9754357410572041
1.9030324644281764,-1.1431388565864662,1.4121385116186618,0.4280735379087408,-0.13672266601177926,1.5295683237953046,0.8491237277928321,1.861407939641488,0.054079403903787744,1.555019722161483,0.30642430925887265
2.711461494497311,-1.1431388565864662,1.920424997576554,0.22541591693410137,0.12259088225497147,0.20936028793142325,0.34113127346439903,1.542668538228239,-1.7193520827343451,-0.27089257757012963,0.1233014449280036
0.5171541271668031,-0.5452350252446987,1.1071666200439263,0.011171724328328785,-0.02832724052109811,0.8694643058633642,1.6405823888037425,0.48020386685062477,-0.5370644249755889,-0.07945686382469022,-0.8838743088917704
1.8452875337089527,0.32444327488878133,1.6154531060018185,0.22541591693410137,-0.006708051678204481,-0.008031065920856856,0.4006686453501005,1.1176826696771816,-0.8654776632419086,-0.016422384166277514,0.48954717358974004
-0.1757850414638831,1.0038794468680627,-0.26520689204238257,-0.1007247325048244,-0.2674609275648184,-0.008031065920856856,1.122164850197256,0.09771658515465534,-0.4713817773223232,-0.7318191256411961,-0.8838743088917704
0.343919335009132,-1.1974937503448086,0.4463941882986664,0.22541591693410137,-0.6863323682429516,-0.40064695195929617,0.07522201407640439,-0.5716361578132617,0.5795405851299016,0.23195212476390475,1.222038630913213
0.22842947357068366,0.9223471062305488,-0.1635495948508042,0.11982434457825433,2.819875876274513,-1.3874462383788675,-1.261154189490648,1.277052370383806,0.054079403903787744,-0.33549802003305695,-1.3416814697189405
0.9213686422013708,-1.4149133253781787,1.1071666200439263,2.140119562009626,-0.11500352713691192,-0.5558135282701412,-1.0893719804606232,-0.9859973796505324,-0.7997950155886459,-0.8673653691302385,1.8629686560712504
-0.4645096950600025,-0.05604098141961598,-0.5701787836171179,-0.5850429846460344,-0.049966345708440225,-0.1286800914503486,-0.07844240816726707,0.055217998299567285,0.4481752898233731,-0.20668717137087902,-0.8838743088917704
-0.5799995564984504,1.0854117875055764,-0.1635495948508042,-0.5850429846460344,0.4427582246270559,0.4891353975807159,1.4547086394205588,0.0020947647306924716,-0.34001648201579765,-0.4005085149373491,-1.0669971732226378
0.40166426572835573,-0.4908801314863561,1.1071666200439263,0.011171724328328785,-0.20200083776906758,1.0612170696061296,1.70161485367597,0.5864503339883744,-0.5370644249755889,-0.4659291734053641,-1.1585586053880732
-0.9264691408137934,0.27008838113043876,-0.9768079723834316,-0.7165741272261673,0.208396446236977,0.20936028793142325,0.8055842831914454,-0.42289110382036504,-0.2086511867092692,-0.7318191256411961,-1.1585586053880732
0.9791135729205945,-0.9800741753114388,0.9038520256607695,0.11982434457825433,0.1010904258159411,0.6520729520110842,1.2416379489885754,1.319550957238894,-1.0625256062017028,-1.500255061897504,-0.9754357410572041
-0.8109792793753455,3.042187962805907,-1.07846526957501,-0.3350668442435679,-0.5753768146477115,-0.1286800914503486,-0.2502246171972917,-1.007246673078047,1.3020497093158068,-1.500255061897504,0.8557929022514765
-0.5222546257792262,-1.5236231128948639,0.09059364812814184,-0.21606469250895247,-0.7308617598150762,0.572641743850974,0.4006686453501005,-0.019154528696881046,0.5795405851299016,0.652786575054398,0.3979857414243063
-0.6377444872176741,0.6233951905596653,-1.3834371611497454,-0.5850429846460344,0.208396446236977,0.20936028793142325,0.07522201407640439,0.028656381515129878,0.38249264217011036,-0.4659291734053641,-1.1585586053880732
1.787542602989729,0.5146854030429803,1.9712536461723433,2.8235068729193626,0.014891257448007542,-1.1364863380419723,-0.6102609269432557,1.1176826696771816,-1.3252561968147596,1.926332949471818,2.5954601133947235
0.9791135729205945,-0.9800741753114388,1.0055093228523477,-0.45797139397563447,-0.5753768146477115,-1.1364863380419723,-1.6807278711223133,-0.4494527206048024,-0.5370644249755889,-0.8673653691302385,1.4051614952440803
-0.34901983362155464,-1.4692682191365212,-0.06189229765922567,-0.45797139397563447,-0.7754757276803081,0.572641743850974,1.0492264981420518,-0.8478769723714225,-1.0625256062017028,0.8280438170361987,0.3979857414243063
-0.06029518002543575,1.1397666812639191,-0.9259793237876425,-0.45797139397563447,-0.44291830375311186,-1.3874462383788675,-1.8076307520569563,-1.3366107212051415,-0.2086511867092692,-0.5317652039154718,1.222038630913213
-0.34901983362155464,0.37879816864712385,-1.3834371611497454,0.22541591693410137,-0.7085865120389083,-0.9190949841896926,-1.4559047957393745,-0.16258725933285484,0.4481752898233731,-0.5980219147904188,0.30642430925887265
1.2678382265167139,-1.5779780066532063,0.7513660798734018,-0.7165741272261673,-0.22380060454922518,-1.1364863380419723,-0.7318699251848588,0.48020386685062477,-0.6684297202821173,2.234349853460861,0.30642430925887265
0.1129396121322363,-1.360558431619836,1.4629671602144512,-0.7165741272261673,0.1010904258159411,1.5295683237953046,1.4688001797737171,0.10834123186844209,-0.07728589140274073,0.5937029965568988,0.031740012762569894
-0.002550249306211046,0.37879816864712385,-0.7226647294044856,0.22541591693410137,-0.049966345708440225,-1.1364863380419723,-0.6102609269432557,0.9051897354016233,-0.01160324374947503,-0.4005085149373491,-1.1585586053880732
-0.8687242100945698,0.32444327488878133,-1.07846526957501,2.7179153005635146,-0.5975260355436159,-0.2589909662577516,-1.0105169343653688,-0.26352140311374056,0.6452232327831673,-0.4005085149373491,0.30642430925887265
-1.215193794409913,-0.38217034396967103,0.09059364812814184,-0.3350668442435679,-0.2893215592214473,1.38791233809376,1.396940173853136,-0.4866389841030266,0.11976205155705344,-0.20668717137087902,-0.6091900123954677
2.0762672565858487,-0.5452350252446987,1.9712536461723433,0.7128879369836908,0.46394834516168726,-0.40064695195929617,-0.6697982988289571,1.7551614725037383,-1.0625256062017028,1.1699145613693096,-0.059821419402863805
-0.1757850414638831,0.9767019999888914,-1.3834371611497454,0.22541591693410137,-0.15846190589726822,-0.2589909662577516,-0.1195285921723223,0.48020386685062477,0.8422711757429585,-0.7993707650187795,-0.8838743088917704
2.5959716330588636,1.683315618847344,1.8187677003849754,0.011171724328328785,0.014891257448007542,-0.008031065920856856,-0.07844240816726707,1.5957917717971137,-1.3909388444680224,-0.33549802003305695,-0.059821419402863805
0.9791135729205945,0.32444327488878133,0.19225094531972037,-0.21606469250895247,0.05803038255708264,1.0612170696061296,0.7377365578773624,1.4364220710904303,-0.8654776632419086,-0.1428768778651578,-0.24294428373373284
0.4594091964475794,-1.3062035378614938,0.2939082425112989,-0.3960153893742776,-0.531140931480354,-0.008031065920856856,-0.44497522344601836,-0.8160030322300622,-0.34001648201579765,1.113713123125465,1.1304771987477775
-0.8687242100945698,2.090977322034913,0.09059364812814184,2.0130479713392266,-0.37696810501600153,0.20936028793142325,0.07522201407640439,-0.49195130745989046,1.4334150046223353,-0.7318191256411961,0.5811086057551738
-0.7532343486561219,0.16137859361375423,-0.7226647294044856,-0.9943495515789766,-0.22380060454922518,0.9997751806707673,0.18069902895743245,-0.21571049290172964,0.1854446992103162,-0.4005085149373491,-1.1585586053880732
-0.5222546257792262,0.32444327488878133,-0.9768079723834316,1.7452016996482598,-0.02832724052109811,-1.1364863380419723,-0.34435166755526103,0.37395739971281616,0.4481752898233731,-1.0047069792537324,-1.3416814697189405
-0.34901983362155464,-0.6539448127613838,2.4795401321302353,-0.7165741272261673,9.23474852297472,-0.7273422204469264,0.2790596471084973,0.055217998299567285,-1.6536694350810794,3.2456004379396832,-0.9754357410572041
1.614307810832057,-0.7626546002780686,1.3613098630228726,0.32811420243229655,0.16553284489058287,0.7278083201618196,1.4404796184545214,1.808284706072613,-1.1938909015082313,-0.9358087857581127,-0.8838743088917704
0.17068454285145998,-1.0887839628281235,0.6497087826818234,0.22541591693410137,-0.09330445213452575,0.3080581922550612,0.870415537770188,0.5970749807021611,-0.07728589140274073,-1.1438921559162405,-0.9754357410572041
0.28617440428990837,-1.4149133253781787,0.5988801340860342,-0.45797139397563447,0.27254554487755855,0.6520729520110842,-0.44497522344601836,-0.6566333315234378,-1.0625256062017028,0.23195212476390475,0.6726700379206074
-0.4645096950600025,-0.8170094940364111,1.51379580881024,-0.1007247325048244,0.4003205490915017,-1.3874462383788675,-1.5639885371063507,-0.3432062534670528,0.31680999451684466,-0.664704716765728,0.8557929022514765
-0.6954894179368982,-1.034429069069781,0.03976499953235286,-0.45797139397563447,-0.11500352713691192,1.3378155600525392,0.870415537770188,0.1295905252960156,0.9079538233962242,-1.1438921559162405,-0.9754357410572041
-1.7926431016021516,0.6233951905596653,-1.3834371611497454,-0.27509351778311264,-0.15846190589726822,0.20936028793142325,-0.3937958290505031,-1.1984903139260317,3.0754811959539397,-0.27089257757012963,1.8629686560712504
2.364991910181968,-0.21910566269464365,1.564624457406029,0.6203337792954684,0.3365199294607897,1.1775534652628536,1.4115982176434574,2.1801473410547367,-0.9968429585484371,1.978308697252493,0.9473543344169102
0.4594091964475794,0.8136373187138642,-0.8243220265960641,0.4280735379087408,0.12259088225497147,-0.2589909662577516,0.247004223106429,1.1601812565322696,-0.01160324374947503,-0.664704716765728,-0.8838743088917704
-0.002550249306211046,-0.5452350252446987,0.1414222967239311,0.9775804407662793,-0.18022128403471893,-0.9190949841896926,-0.1195285921723223,0.6289489208434624,0.31680999451684466,-0.27089257757012963,0.031740012762569894
-0.7532343486561219,0.8679922124722063,-0.9768079723834316,-0.7165741272261673,0.208396446236977,0.8001765375260035,1.2579337953997851,-0.42289110382036504,0.1854446992103162,-0.7318191256411961,-1.1585586053880732
-0.6954894179368982,0.9767019999888914,-1.3834371611497454,-0.5850429846460344,-0.15846190589726822,0.10429048966179916,-0.07844240816726707,0.26771093257506656,1.0393191187027526,-0.664704716765728,-0.9754357410572041
0.4594091964475794,-0.16475076893630108,0.1414222967239311,-0.5850429846460344,-0.4869881985183376,-0.7273422204469264,-1.0893719804606232,0.5545763938470141,0.054079403903787744,0.3539434138436254,0.031740012762569894
0.8636237114821471,1.9007351938807142,-0.11272094625501494,0.11982434457825433,0.357806063241585,1.5295683237953046,2.060156070435408,2.2863938081924866,0.6452232327831673,0.10850852433038116,0.6726700379206074
-0.5799995564984504,2.4442841314641393,-1.1292939181707995,-0.3350668442435679,-0.5753768146477115,0.6520729520110842,0.4006686453501005,0.18802608222175432,-0.01160324374947503,-0.664704716765728,-0.700751444560903
0.5748990578860278,1.330008809418118,-0.011063649063436407,0.4280735379087408,-0.20200083776906758,0.9359231997705247,0.591768528589678,0.9051897354016233,-0.01160324374947503,0.10850852433038116,0.1233014449280036
-0.23352997218310678,-0.16475076893630108,0.2939082425112989,-0.45797139397563447,-0.07162540396932138,0.20936028793142325,1.9434167364194452,0.055217998299567285,-0.7341123679353802,-0.664704716765728,-0.8838743088917704
0.6326439886052514,-0.7082997065197261,0.19225094531972037,-0.21606469250895247,0.05803038255708264,-0.008031065920856856,0.7377365578773624,-0.05102846883818234,-1.5879867874278166,-0.1428768778651578,0.031740012762569894
-1.4461735172868087,-1.3062035378614938,-0.06189229765922567,-0.8528892563370019,-0.531140931480354,-2.0475502563108083,-1.6807278711223133,-2.760313380851093,0.5138579374766389,-0.7318191256411961,2.778582977725591
0.7481338500436988,-0.6539448127613838,0.4972228368944557,-0.1007247325048244,0.07957027129221486,-0.40064695195929617,-0.6697982988289571,0.6183242741296757,-0.4713817773223232,-0.5980219147904188,0.031740012762569894
-0.9264691408137934,0.487507956163809,-0.31603554063817185,-0.5850429846460344,-0.18022128403471893,-0.7273422204469264,0.7377365578773624,0.1614644654373169,1.3677323569690725,-0.4659291734053641,-1.0669971732226378
-0.06029518002543575,-1.034429069069781,0.4972228368944557,-0.5850429846460344,-0.6640992884764463,1.856263592282935,0.9920245360117905,-1.3897339547740164,-0.5370644249755889,0.9432576687221982,1.4051614952440803
-0.9842140715330177,-0.16475076893630108,-1.3326085125539562,-1.1413587048853713,-0.5975260355436159,0.4011130516741887,-0.4980160897989325,-0.7947537388025477,0.5795405851299016,-0.4659291734053641,-0.6091900123954677
1.3833280879551613,-0.7082997065197261,0.4972228368944557,-0.5850429846460344,-0.13672266601177926,0.4011130516741887,-0.34435166755526103,0.02334405815820701,-1.259573549161494,-0.016422384166277514,0.6726700379206074
-0.6377444872176741,0.7049275311971792,0.2939082425112989,0.11982434457825433,-0.42091432367128045,1.4837056621198097,1.4547086394205588,-1.357860014632656,-0.27433383436253195,0.7699532450966583,2.1376529525675534
0.9791135729205945,-0.38217034396967103,0.8530233770649802,0.5254362311351806,-0.4869881985183376,-1.6842688003912574,-2.1003015527539786,0.02334405815820701,0.11976205155705344,-0.20668717137087902,1.5882843595749478
-1.1574488636906892,-0.7626546002780686,-0.5701787836171179,-1.2943698657800562,-0.15846190589726822,-0.2589909662577516,-0.6697982988289571,-0.6353840380958643,0.1854446992103162,-0.5980219147904188,-1.0669971732226378
0.4594091964475794,-1.360558431619836,0.9546806742565588,4.0548232070851515,0.5696131523147626,-2.0475502563108083,-1.9466371305103072,1.2292414601717951,-0.8654776632419086,-0.33549802003305695,0.3979857414243063
-0.1757850414638831,-0.05604098141961598,-1.2309512153623778,-0.8528892563370019,-0.37696810501600153,-0.40064695195929617,-0.07844240816726707,-0.5025759541736773,0.1854446992103162,-0.5317652039154718,-0.4260671480646003
0.28617440428990837,-0.8713643877947537,1.0563379714481371,-0.3350668442435679,0.208396446236977,1.70109701597209,1.963533787508771,0.42708063328174994,-1.785034730387608,2.1326908041796777,-1.0669971732226378
0.6326439886052514,-1.4149133253781787,1.3104812144270834,0.011171724328328785,-0.2893215592214473,-1.1364863380419723,-1.0105169343653688,-0.26352140311374056,-0.7341123679353802,2.631303204425822,1.4051614952440803
1.5565628801128333,-1.7953975816865761,1.0563379714481371,-0.45797139397563447,4.960899132643202,-1.1364863380419723,-1.0105169343653688,0.6395735675572493,-0.07728589140274073,0.3539434138436254,0.031740012762569894
0.4594091964475794,-1.034429069069781,0.7513660798734018,-0.7165741272261673,-0.6418872329019851,-0.5558135282701412,-1.0105169343653688,-1.4747311284841924,-0.8654776632419086,-0.664704716765728,0.8557929022514765
-1.5039184480060321,3.259607537839276,-0.9259793237876425,-1.1413587048853713,1.761799306407627,-0.9190949841896926,-0.9357075582169517,-1.4322325416291044,1.236367061662544,-1.1438921559162405,-0.6091900123954677
-0.5222546257792262,0.4331530624054664,-1.3326085125539562,-0.45797139397563447,-0.2893215592214473,-0.008031065920856856,0.03829692584869563,0.4164559865679632,1.1050017663560154,-0.016422384166277514,-0.6091900123954677
-0.40676476434077885,-0.11039587517795853,-0.6210074322129072,0.4280735379087408,0.48511936689198804,1.436513464376177,0.9724475564267431,-0.6353840380958643,-0.9311603108951743,-0.1428768778651578,-0.24294428373373284
-0.5799995564984504,0.7592824249555218,-1.1292939181707995,1.1441968904207247,0.42154897079814674,-1.1364863380419723,-0.8645489050776838,0.26771093257506656,0.5795405851299016,-0.1428768778651578,-0.33450571589916656
-0.4645096950600025,-1.1974937503448086,0.7005374312776125,0.011171724328328785,-0.4869881985183376,1.4837056621198097,0.690685281382614,-0.9434987927953854,0.1854446992103162,1.1699145613693096,0.8557929022514765
-1.1574488636906892,1.248476468780604,-1.3834371611497454,0.5254362311351806,-0.3331039521762617,1.0612170696061296,0.4856516965978687,-1.5437913321237768,1.3020497093158068,-0.33549802003305695,0.9473543344169102
-0.8687242100945698,-0.16475076893630108,-0.8243220265960641,-1.1413587048853713,-0.2674609275648184,0.3080581922550612,0.4006686453501005,-0.6619456548803606,0.31680999451684466,0.8280438170361987,-0.8838743088917704
-1.3884285865675843,-0.4908801314863561,-1.3834371611497454,-0.9943495515789766,-0.9998255422583212,-2.0475502563108083,-1.6807278711223133,-1.219739607353605,1.1050017663560154,1.1699145613693096,1.1304771987477775
-0.40676476434077885,-0.5452350252446987,0.19225094531972037,-0.3350668442435679,-0.3989309369289859,-0.008031065920856856,0.9920245360117905,-0.4760143373892398,-0.34001648201579765,-0.7318191256411961,-0.517628580230034
2.5382267023396388,0.37879816864712385,1.920424997576554,-0.1007247325048244,-0.531140931480354,-1.1364863380419723,-0.5530589648129944,1.5957917717971137,-1.8507173780408737,-0.5317652039154718,-0.517628580230034
-0.29127490290233093,0.27008838113043876,-0.7226647294044856,-0.3350668442435679,0.3152144885265268,0.4011130516741887,-0.038482015866613706,-1.219739607353605,-0.4713817773223232,-0.7993707650187795,0.6726700379206074
-0.6377444872176741,0.05266880609706913,-0.011063649063436407,0.22541591693410137,-0.07162540396932138,-0.1286800914503486,1.0678058969216988,-0.15727493597599096,0.5138579374766389,0.3539434138436254,0.48954717358974004
-1.3306836558483608,-0.21910566269464365,-1.3834371611497454,-0.1007247325048244,-0.42091432367128045,0.20936028793142325,-0.16180584450052413,-2.0059634641729995,1.7618282428886578,-0.4005085149373491,1.8629686560712504
1.4410730186743859,-1.1431388565864662,0.8530233770649802,-0.9943495515789766,-0.531140931480354,0.3080581922550612,0.00041263792798731073,0.9583129689705571,-0.6027470726288516,0.7699532450966583,-0.4260671480646003
3.00018614809343,-0.001686087661273423,2.6320260779176032,2.0130479713392266,0.6957866715546432,0.8694643058633642,1.0492264981420518,2.711379676743603,-0.8654776632419086,0.7115354006028793,2.3207758168984207
-1.272938725129137,-0.7082997065197261,-0.5701787836171179,-0.7165741272261673,-0.3989309369289859,-0.2589909662577516,-0.5530589648129944,-0.6353840380958643,0.7109058804364301,0.534280828369045,-0.33450571589916656
0.28617440428990837,-0.2734605564529862,0.7005374312776125,0.8914099115378438,0.1010904258159411,1.0612170696061296,0.4856516965978687,0.7989432682638736,-0.01160324374947503,-0.7993707650187795,0.031740012762569894
-0.7532343486561219,0.487507956163809,-0.9768079723834316,-0.7165741272261673,-0.24562062192846684,-0.7273422204469264,-0.6102609269432557,0.5864503339883744,1.1050017663560154,-0.7993707650187795,-1.3416814697189405
0.1129396121322363,-1.360558431619836,0.39556553970287717,-0.8528892563370019,-0.5753768146477115,-1.1364863380419723,-1.261154189490648,-0.7735044453749742,-0.07728589140274073,0.534280828369045,1.222038630913213
0.055194681413012626,-0.8713643877947537,0.8021947284691909,-0.1007247325048244,-0.531140931480354,-0.1286800914503486,-0.9357075582169517,-0.6353840380958643,-0.9311603108951743,0.9432576687221982,0.6726700379206074
-0.9842140715330177,0.5418628499221515,-1.3834371611497454,1.675138857168375,0.12259088225497147,2.128230452791883,1.0585457827618256,-0.5928854512407762,-0.7341123679353802,-1.356236913825494,-0.8838743088917704
1.0368585036398181,-0.43652523772801355,-0.21437824344659331,-0.5850429846460344,-0.11500352713691192,-0.40064695195929617,-1.0105169343653688,0.5545763938470141,-0.6027470726288516,-0.016422384166277514,-1.0669971732226378
-1.0419590022522414,1.9007351938807142,-1.2309512153623778,2.497366223480436,-0.18022128403471893,0.8694643058633642,0.34113127346439903,-0.5185129242443279,1.7618282428886578,-1.0047069792537324,0.6726700379206074
-0.4645096950600025,0.6505726374388366,-0.46852148642553954,3.218424735280729,0.014891257448007542,1.120424206200259,1.3367888414950395,1.3036139871682433,0.4481752898233731,0.7115354006028793,-0.9754357410572041
-1.850388032321376,-0.32781545021132874,-1.281779863958167,-1.4538940655645356,-1.1808610974963138,0.4891353975807159,0.247004223106429,-2.4415739794378437,3.8636729677931103,-0.20668717137087902,2.1376529525675534
-0.5799995564984504,0.27008838113043876,0.1414222967239311,0.011171724328328785,-0.2893215592214473,0.20936028793142325,0.5659543488473384,0.055217998299567285,0.973636471049487,-0.4005085149373491,-0.24294428373373284
-0.002550249306211046,0.05266880609706913,0.03976499953235286,-0.5850429846460344,-0.22380060454922518,-0.2589909662577516,0.11123527790389993,0.5864503339883744,0.5138579374766389,-0.27089257757012963,-0.4260671480646003
-0.06029518002543575,2.090977322034913,-0.011063649063436407,-0.3350668442435679,0.014891257448007542,-0.9190949841896926,-0.6697982988289571,-0.26352140311374056,-0.34001648201579765,-1.2141916792297063,-0.4260671480646003
-0.6377444872176741,-0.21910566269464365,-0.1635495948508042,-0.21606469250895247,-0.37696810501600153,-1.3874462383788675,-0.038482015866613706,-0.3697678702514902,0.11976205155705344,-1.1438921559162405,-0.9754357410572041
-0.4645096950600025,0.5418628499221515,-0.011063649063436407,-0.45797139397563447,-0.09330445213452575,0.4011130516741887,1.2899892194018534,-0.28477069654125514,-0.34001648201579765,-0.4659291734053641,-0.6091900123954677
0.28617440428990837,-1.2518486441031513,0.548051485490245,-0.1007247325048244,-0.5975260355436159,0.572641743850974,0.9526042152154148,-0.6725703015940885,0.5138579374766389,0.4144050427081428,1.222038630913213
0.055194681413012626,1.0038794468680627,-0.36686418923396097,0.011171724328328785,-0.24562062192846684,-0.40064695195929617,0.03829692584869563,0.34739578292837875,-0.01160324374947503,-0.07945686382469022,-0.9754357410572041
1.9030324644281764,-1.6323329004115488,1.51379580881024,-0.7165741272261673,-0.2893215592214473,-2.0475502563108083,-2.1003015527539786,0.7458200346949988,-1.1282082538549656,0.29312716929290655,-0.517628580230034
-0.6377444872176741,0.37879816864712385,-1.1801225667665884,0.11982434457825433,-0.24562062192846684,0.4891353975807159,1.2416379489885754,0.4005190164972536,1.4334150046223353,-0.664704716765728,-0.8838743088917704
1.787542602989729,-0.9257192815530962,2.1237395919597106,-0.3350668442435679,0.05803038255708264,-1.1364863380419723,-0.7967011797636002,1.7551614725037383,-0.9311603108951743,-0.20668717137087902,-1.1585586053880732
0.1129396121322363,-0.32781545021132874,-0.011063649063436407,-0.5850429846460344,-0.6418872329019851,0.4891353975807159,0.03829692584869563,-0.8053783855163344,-0.9968429585484371,1.1699145613693096,0.5811086057551738
1.614307810832057,-1.1974937503448086,1.3104812144270834,-0.21606469250895247,-0.5975260355436159,-2.0475502563108083,-1.8076307520569563,-0.5185129242443279,-1.9164000256941363,1.0572054085019418,0.3979857414243063
-0.6954894179368982,1.0038794468680627,-1.3834371611497454,-0.04435896449222641,-0.355025789530022,0.7278083201618196,0.34113127346439903,-0.199773522831079,-0.14296853905600349,-1.356236913825494,-0.9754357410572041
-1.215193794409913,0.37879816864712385,-0.9768079723834316,-0.45797139397563447,0.05803038255708264,1.38791233809376,0.247004223106429,-0.9541234395091721,0.9079538233962242,-0.4659291734053641,0.031740012762569894
4.212829693197132,0.6233951905596653,1.1071666200439263,1.603741404406284,0.16553284489058287,-0.40064695195929617,-0.6697982988289571,3.428543329923472,-2.573226502226779,0.534280828369045,0.5811086057551738
-0.1757850414638831,0.37879816864712385,-0.9768079723834316,0.22541591693410137,-0.6863323682429516,-2.0475502563108083,-2.272083761784004,-2.03783740431436,-0.6027470726288516,-1.9447148128420737,2.3207758168984207
-0.7532343486561219,0.487507956163809,-0.46852148642553954,-1.1413587048853713,-0.553248459718999,-0.9190949841896926,0.42955004616116593,-0.8478769723714225,-1.522304139774551,-0.33549802003305695,-1.0669971732226378
-0.7532343486561219,0.16137859361375423,-0.5193501350213287,-0.8528892563370019,-0.4869881985183376,0.20936028793142325,-0.6102609269432557,-0.826627678943849,0.8422711757429585,0.1704140214658878,0.07752072884528756
-0.6954894179368982,0.8408147655930356,0.39556553970287717,-0.45797139397563447,0.014891257448007542,-0.5558135282701412,1.3057565414077013,-0.21039816954486576,-0.2086511867092692,-0.20668717137087902,-0.9754357410572041
-0.6954894179368982,1.2212990219014328,-0.6210074322129072,-0.7165741272261673,0.42154897079814674,0.6520729520110842,1.1745703590665282,-0.40695413374971434,-0.7997950155886459,-1.0047069792537324,-0.8838743088917704
-0.1757850414638831,-1.0887839628281235,1.3104812144270834,0.11982434457825433,0.07957027129221486,0.4891353975807159,1.1042693731561144,0.48020386685062477,0.38249264217011036,0.8858107629408075,-0.7923128767263367
1.0946034343590418,-0.21910566269464365,1.8187677003849754,0.5254362311351806,-0.3331039521762617,-0.40064695195929617,-0.4980160897989325,0.055217998299567285,-0.9968429585484371,0.7699532450966583,1.8629686560712504
-0.8109792793753455,0.8408147655930356,-1.3834371611497454,0.11982434457825433,0.37907292482981314,0.8001765375260035,0.00041263792798731073,-0.05102846883818234,0.973636471049487,-0.5317652039154718,0.1233014449280036
-0.5222546257792262,0.37879816864712385,-0.06189229765922567,-0.3350668442435679,-0.09330445213452575,0.4011130516741887,1.2899892194018534,-0.28477069654125514,-0.14296853905600349,-0.5980219147904188,-0.6091900123954677
0.6326439886052514,-0.5452350252446987,-0.1635495948508042,0.4280735379087408,0.1010904258159411,0.10429048966179916,0.2790596471084973,0.6926968011261241,-0.7997950155886459,0.4745161674074204,-0.4260671480646003
0.9213686422013708,-0.16475076893630108,1.1579952686397155,5.5242961144028175,2.4140457999977767,2.031488124469095,1.139843407020755,3.0407437248706977,-0.9968429585484371,0.5937029965568988,-1.5248043340498079
0.343919335009132,-0.5452350252446987,0.9038520256607695,-0.5850429846460344,-0.7754757276803081,-1.1364863380419723,-1.1727354167938804,-1.007246673078047,0.2511273468635819,0.29312716929290655,1.8629686560712504
1.1523483650782667,-1.1431388565864662,0.9038520256607695,2.9262051584175577,-0.3112025547670527,-1.3874462383788675,-1.4559047957393745,0.48020386685062477,-0.5370644249755889,1.0003880610202125,1.9545300882366843
-0.29127490290233093,1.5746058313306588,0.09059364812814184,1.675138857168375,-0.09330445213452575,0.7278083201618196,0.7833172387540571,-0.1466502892622042,-0.9968429585484371,-0.7993707650187795,-0.9754357410572041
-0.34901983362155464,-0.21910566269464365,-0.06189229765922567,-0.5850429846460344,-0.553248459718999,-0.5558135282701412,-0.2502246171972917,-0.05102846883818234,0.5138579374766389,-0.07945686382469022,-0.7923128767263367
-1.6771532401637037,0.27008838113043876,-0.9768079723834316,-0.5850429846460344,-0.6196961617950487,0.6520729520110842,-0.2502246171972917,-0.9859973796505324,1.236367061662544,-0.07945686382469022,-0.24294428373373284
0.22842947357068366,0.8679922124722063,-1.3834371611497454,0.803211655487991,-0.07162540396932138,-0.008031065920856856,-0.16180584450052413,1.3301756039526809,0.31680999451684466,-1.356236913825494,-0.9754357410572041
1.2678382265167139,-0.5452350252446987,0.39556553970287717,0.8914099115378438,0.1010904258159411,0.9359231997705247,0.9120887465690947,0.6820721544123373,-0.6684297202821173,0.23195212476390475,0.031740012762569894
1.1523483650782667,-1.4149133253781787,-0.1635495948508042,-0.3350668442435679,-0.3331039521762617,0.20936028793142325,-0.16180584450052413,-0.5822608045269895,-0.6027470726288516,0.046231220178628976,2.1376529525675534
0.5748990578860278,-0.6539448127613838,0.5988801340860342,-0.21606469250895247,-0.5090541907654498,-0.1286800914503486,-0.2502246171972917,0.9051897354016233,-0.34001648201579765,-0.016422384166277514,-0.24294428373373284
-0.7532343486561219,1.4930734906931455,-1.3834371611497454,0.11982434457825433,-0.42091432367128045,-0.9190949841896926,-0.8645489050776838,0.10834123186844209,1.1050017663560154,-0.5980219147904188,-0.7923128767263367
-0.23352997218310678,-1.1974937503448086,0.24307959391550962,-0.5850429846460344,-0.4649429157930352,0.10429048966179916,-0.038482015866613706,-1.6234761824770891,0.6452232327831673,-0.5980219147904188,1.9545300882366843
-0.29127490290233093,-0.38217034396967103,-0.06189229765922567,-0.5850429846460344,0.014891257448007542,0.8694643058633642,0.5129134824944236,0.7458200346949988,0.7765885280896958,0.534280828369045,-1.1585586053880732
-0.06029518002543575,4.346705413006127,-1.3834371611497454,-0.8528892563370019,-0.13672266601177926,-2.0475502563108083,-1.5639885371063507,-0.15727493597599096,1.4334150046223353,-1.0740660336561756,0.3979857414243063
1.3255831572359376,-0.2734605564529862,1.8695963489807648,-0.21606469250895247,0.5062713242147311,-1.1364863380419723,-0.8645489050776838,0.1614644654373169,-0.34001648201579765,0.046231220178628976,1.1304771987477775
-1.272938725129137,0.9495245531097201,-0.8751506751918532,0.4280735379087408,-0.13672266601177926,-0.008031065920856856,-0.3937958290505031,-0.2050858461879429,1.8931935381951863,0.046231220178628976,-0.24294428373373284
0.055194681413012626,0.487507956163809,-0.9259793237876425,-0.21606469250895247,-0.07162540396932138,-0.2589909662577516,1.5372852059852626,-0.15727493597599096,-1.0625256062017028,0.046231220178628976,-0.6091900123954677
-0.9842140715330177,0.4331530624054664,-1.3326085125539562,-0.5850429846460344,-0.15846190589726822,-0.7273422204469264,-0.5530589648129944,0.40583133985417646,2.4843373670745628,0.4745161674074204,0.031740012762569894
2.2495020487435196,-0.2734605564529862,1.3613098630228726,0.22541591693410137,-0.049966345708440225,0.572641743850974,0.7833172387540571,1.7551614725037383,-1.3909388444680224,-0.27089257757012963,0.031740012762569894
0.343919335009132,0.4331530624054664,1.1071666200439263,-0.45797139397563447,3.648108204987202,0.8694643058633642,1.5638034470884326,0.26771093257506656,-1.259573549161494,2.081485070630431,-1.0669971732226378
-0.5799995564984504,-0.8170094940364111,-0.31603554063817185,-0.45797139397563447,-0.15846190589726822,-0.9190949841896926,-0.07844240816726707,-0.3166446366826154,0.11976205155705344,-1.2141916792297063,-0.8838743088917704
-0.1757850414638831,-0.16475076893630108,0.5988801340860342,0.22541591693410137,-0.11500352713691192,-0.1286800914503486,0.3104256534278455,0.9583129689705571,0.7765885280896958,-0.20668717137087902,0.2148628770934373
-0.5799995564984504,0.7592824249555218,-0.06189229765922567,-0.7165741272261673,5.954032713495462,0.3080581922550612,0.45787060748036174,0.10834123186844209,-0.9968429585484371,2.679870693551175,-0.9754357410572041
-0.06029518002543575,-1.034429069069781,0.548051485490245,0.11982434457825433,-0.15846190589726822,-0.1286800914503486,0.6171337432428524,0.5864503339883744,-0.07728589140274073,-1.2141916792297063,-1.3416814697189405
1.0946034343590418,-0.7082997065197261,0.6497087826818234,0.11982434457825433,-0.42091432367128045,1.7805282241322,0.539675023803452,0.4483299267092645,0.4481752898233731,1.2258130254288109,0.031740012762569894
-0.8687242100945698,0.2157334873720962,-1.3834371611497454,0.11982434457825433,-0.3331039521762617,1.38791233809376,0.7833172387540571,-0.9488111161523083,0.7765885280896958,-0.5980219147904188,0.6726700379206074
-0.40676476434077885,0.05266880609706913,-0.7226647294044856,0.11982434457825433,0.208396446236977,0.9359231997705247,0.8275164721387539,0.6130119507728118,0.5138579374766389,-0.27089257757012963,-0.9754357410572041
-0.002550249306211046,-1.0887839628281235,0.7513660798734018,-0.1007247325048244,-0.37696810501600153,-0.5558135282701412,-0.8645489050776838,-1.2941121343499946,0.4481752898233731,0.7115354006028793,2.046091520402118
0.055194681413012626,1.1669441281430903,-0.8243220265960641,-0.5850429846460344,0.05803038255708264,0.3080581922550612,0.7607049550960638,-0.10415170240705715,-0.7997950155886459,1.0003880610202125,-0.7923128767263367
-0.40676476434077885,-0.2734605564529862,0.19225094531972037,0.4280735379087408,-0.37696810501600153,-1.6842688003912574,-1.261154189490648,0.12427820193909275,-0.6027470726288516,-0.664704716765728,-0.1513828515682975
2.2495020487435196,-1.034429069069781,1.1579952686397155,0.011171724328328785,-0.4649429157930352,-0.40064695195929617,-0.7967011797636002,1.7551614725037383,-1.259573549161494,2.871897291986142,-1.1585586053880732
-0.34901983362155464,-1.4149133253781787,2.072910943363922,1.061814388738523,5.22179682058231,-1.3874462383788675,-1.8076307520569563,0.26771093257506656,-0.4056991296690604,2.3849937617158066,-0.517628580230034
0.40166426572835573,-0.38217034396967103,-0.21437824344659331,0.4280735379087408,0.1010904258159411,1.1775534652628536,1.482756870782724,0.8520665018327485,-1.3909388444680224,-0.5980219147904188,-1.1585586053880732
0.6903889193244751,-0.8713643877947537,1.259652565831294,-0.45797139397563447,0.014891257448007542,-0.1286800914503486,0.45787060748036174,-0.30070766661196474,-0.14296853905600349,-0.4659291734053641,0.5811086057551738
0.6326439886052514,0.32444327488878133,-0.6718360808086963,-0.45797139397563447,-0.07162540396932138,0.9997751806707673,0.3712037425986111,0.7458200346949988,-1.1282082538549656,-0.5980219147904188,-0.700751444560903
-0.7532343486561219,0.10702369985541169,-0.7226647294044856,-0.21606469250895247,-0.2674609275648184,0.20936028793142325,-0.07844240816726707,-0.42289110382036504,0.31680999451684466,-0.4005085149373491,-0.700751444560903
-0.6377444872176741,0.4331530624054664,-0.9768079723834316,1.4567322510998892,-0.11500352713691192,1.0612170696061296,1.5372852059852626,-0.15196261261906807,-0.4056991296690604,-0.9358087857581127,-0.9754357410572041
0.17068454285145998,-0.21910566269464365,0.03976499953235286,-0.5850429846460344,0.48511936689198804,0.6520729520110842,1.8707380590877327,0.26771093257506656,-2.507543854573513,6.008357794394655,-0.517628580230034
-0.40676476434077885,-0.21910566269464365,0.2939082425112989,-0.5850429846460344,-0.2893215592214473,1.120424206200259,1.191628601250788,0.1933384055786182,0.6452232327831673,-0.4659291734053641,-1.3416814697189405
-0.7532343486561219,0.5962177436804941,-1.281779863958167,-0.3350668442435679,-0.44291830375311186,-0.5558135282701412,-0.6697982988289571,0.1614644654373169,1.0393191187027526,0.10850852433038116,-0.9754357410572041
-0.9264691408137934,2.7704134940141945,-0.9768079723834316,-0.1007247325048244,-0.44291830375311186,0.572641743850974,-0.20534528910191016,-0.11477634912084392,1.3677323569690725,-0.5317652039154718,0.48954717358974004
1.614307810832057,-0.43652523772801355,2.3270541863428673,0.803211655487991,-0.4649429157930352,-1.1364863380419723,-0.7318699251848588,1.011436202539432,-0.9311603108951743,0.046231220178628976,0.6726700379206074
0.055194681413012626,0.37879816864712385,-0.8751506751918532,-0.21606469250895247,-0.049966345708440225,0.10429048966179916,1.5768839211406933,-0.15727493597599096,-1.0625256062017028,0.046231220178628976,-0.6091900123954677
1.614307810832057,-0.5995899190030413,1.0055093228523477,0.27711677714111177,-0.049966345708440225,-0.5558135282701412,-0.1195285921723223,0.35270810628530164,-0.4713817773223232,0.7115354006028793,1.496722927409514
1.2100932957974901,0.24291093425126747,1.7171104031933968,0.22541591693410137,-0.24562062192846684,-0.2589909662577516,-0.6102609269432557,1.7551614725037383,-0.9968429585484371,0.23195212476390475,-1.3416814697189405
0.343919335009132,-1.1974937503448086,1.51379580881024,-0.45797139397563447,0.5062713242147311,1.0612170696061296,1.191628601250788,0.21458769900619173,-0.34001648201579765,-0.7993707650187795,-0.700751444560903
-0.4645096950600025,-0.7082997065197261,-0.7734933780002748,0.6203337792954684,0.1010904258159411,1.232745761782915,0.5129134824944236,0.0020947647306924716,0.38249264217011036,0.29312716929290655,-0.1513828515682975
-0.4645096950600025,-0.11039587517795853,-1.281779863958167,-0.8528892563370019,-0.07162540396932138,-0.008031065920856856,-0.2502246171972917,-0.6991319183785258,0.31680999451684466,-0.7318191256411961,0.031740012762569894
1.9030324644281764,-0.6539448127613838,1.564624457406029,0.4280735379087408,0.18697442284646673,0.9997751806707673,1.4404796184545214,1.8826572330690614,-1.1938909015082313,-0.7993707650187795,-0.4260671480646003
-1.7926431016021516,-0.21910566269464365,-0.06189229765922567,-0.1007247325048244,0.05803038255708264,0.8694643058633642,0.9920245360117905,-0.7416305052336729,2.6157026623810915,-0.20668717137087902,1.5882843595749478
1.2100932957974901,-1.5779780066532063,1.1071666200439263,-0.7165741272261673,-0.2674609275648184,-1.1364863380419723,-0.8645489050776838,0.5333271004194996,-0.8654776632419086,2.284808055081103,0.48954717358974004
-1.0419590022522414,2.009444981397399,-1.3834371611497454,-0.9943495515789766,-0.7754757276803081,-0.5558135282701412,-1.0893719804606232,-1.0763068767175723,1.236367061662544,-0.1428768778651578,0.3979857414243063
-0.9264691408137934,0.16137859361375423,-0.9259793237876425,0.5254362311351806,-0.18022128403471893,-0.9190949841896926,-0.7318699251848588,-0.003217558626230397,0.973636471049487,-0.27089257757012963,-0.24294428373373284
0.17068454285145998,1.0582343406264052,-0.1635495948508042,3.0261644938940013,0.632784630156005,1.3378155600525392,1.8492896860614758,2.4988867424681036,0.054079403903787744,2.3350219060993296,-1.0669971732226378
-0.1757850414638831,-1.1974937503448086,0.9038520256607695,-0.3350668442435679,2.6274976754679886,-1.3874462383788675,-1.1727354167938804,-1.6553501226183904,-1.0625256062017028,0.9432576687221982,1.8629686560712504
-0.06029518002543575,-1.7953975816865761,0.8021947284691909,0.11982434457825433,-0.24562062192846684,1.3378155600525392,0.45787060748036174,0.01271941144447923,1.4334150046223353,0.9432576687221982,-0.059821419402863805
-1.3306836558483608,-0.11039587517795853,-1.3834371611497454,-0.3350668442435679,-0.5090541907654498,1.7412970047212895,0.539675023803452,-0.9010002059402973,1.499097652275601,1.6088855054858067,0.2148628770934373
-1.850388032321376,-0.5995899190030413,-1.3834371611497454,-0.7165741272261673,-0.9547838275563088,0.4891353975807159,1.2416379489885754,-2.7231271173529277,2.4186547194213,0.4745161674074204,2.8701444098910245
-1.272938725129137,-0.8170094940364111,-0.6210074322129072,-0.7165741272261673,-0.3331039521762617,-1.1364863380419723,-0.9357075582169517,-0.6353840380958643,0.7109058804364301,-0.5317652039154718,-0.9754357410572041
0.40166426572835573,-0.5452350252446987,0.34473689110708816,0.11982434457825433,-0.15846190589726822,1.0612170696061296,1.2084896339045432,1.0645594361083066,0.4481752898233731,-0.20668717137087902,-0.8838743088917704
2.711461494497311,-0.32781545021132874,1.1071666200439263,1.675138857168375,-0.049966345708440225,-1.1364863380419723,0.34113127346439903,2.8707493774502275,-0.07728589140274073,0.1704140214658878,2.046091520402118
-1.099703932971465,1.8192028532432003,-1.2309512153623778,0.803211655487991,-0.355025789530022,1.120424206200259,0.6420653431817784,-0.9010002059402973,1.9588761858484491,-1.0740660336561756,2.046091520402118
-1.3884285865675843,0.6233951905596653,-0.7734933780002748,-0.45797139397563447,-0.2674609275648184,1.38791233809376,0.247004223106429,-0.6513210081665739,1.696145595235392,0.3539434138436254,-0.24294428373373284
-0.9842140715330177,1.0582343406264052,-0.9259793237876425,2.440139876210705,0.632784630156005,-0.5558135282701412,-1.0893719804606232,-0.07759008562261975,0.2511273468635819,-1.0740660336561756,0.30642430925887265
-0.9264691408137934,-0.38217034396967103,-0.1635495948508042,-0.8528892563370019,-0.22380060454922518,0.4891353975807159,-0.1195285921723223,-1.007246673078047,0.5138579374766389,-0.33549802003305695,0.1233014449280036
-0.06029518002543575,-0.7626546002780686,1.1071666200439263,-0.1007247325048244,0.2511819717635753,1.99791957798448,1.83844604443211,0.6395735675572493,0.4481752898233731,1.926332949471818,-0.6091900123954677
1.4988179493936096,-0.001686087661273423,1.1071666200439263,1.881516828759094,0.6538040919789003,-0.40064695195929617,-1.0893719804606232,1.861407939641488,-1.5879867874278166,-0.5980219147904188,1.1304771987477775
-0.40676476434077885,0.7321049780763504,-0.8751506751918532,-1.1413587048853713,-0.4649429157930352,1.120424206200259,0.5659543488473384,-0.07759008562261975,0.5138579374766389,-0.9358087857581127,-1.0669971732226378
-0.5222546257792262,0.7049275311971792,-1.3834371611497454,-0.7165741272261673,-0.2674609275648184,-0.008031065920856856,0.11123527790389993,0.5864503339883744,1.3020497093158068,-0.5980219147904188,-0.9754357410572041
-0.7532343486561219,0.8408147655930356,-1.3834371611497454,-0.5850429846460344,0.2511819717635753,-0.5558135282701412,-0.7318699251848588,-0.3378939301101889,0.1854446992103162,-0.33549802003305695,-0.700751444560903
-0.002550249306211046,-1.4692682191365212,0.7513660798734018,-0.45797139397563447,-0.15846190589726822,-0.2589909662577516,-0.44497522344601836,0.37395739971281616,-0.6684297202821173,0.8858107629408075,-0.9754357410572041
0.8058787807629224,0.10702369985541169,-0.5193501350213287,0.5254362311351806,-0.006708051678204481,0.6520729520110842,0.5129134824944236,1.9676544067792374,-1.1282082538549656,-0.27089257757012963,-0.9754357410572041
-0.8109792793753455,1.2756539156597755,-1.281779863958167,-0.1007247325048244,-0.531140931480354,1.5295683237953046,0.7607049550960638,0.42708063328174994,1.696145595235392,0.7699532450966583,-0.517628580230034
1.1523483650782667,-0.16475076893630108,0.7513660798734018,-0.45797139397563447,-0.3989309369289859,0.7278083201618196,0.45787060748036174,0.7989432682638736,-0.9968429585484371,0.4144050427081428,0.9473543344169102
-0.8687242100945698,0.487507956163809,-0.9768079723834316,-0.5850429846460344,-0.42091432367128045,1.1775534652628536,0.03829692584869563,-0.09883937905019327,0.7109058804364301,1.0003880610202125,-0.8838743088917704
-1.6771532401637037,1.1397666812639191,-1.3834371611497454,-1.620510515218982,-1.0223788296555276,0.3080581922550612,0.3104256534278455,-2.1865824583071976,4.5861820919790155,-0.4005085149373491,1.8629686560712504
2.134012187305072,-0.16475076893630108,1.6154531060018185,-1.2943698657800562,-0.3112025547670527,0.8694643058633642,0.18069902895743245,0.6926968011261241,-2.573226502226779,0.1704140214658878,0.031740012762569894
-0.23352997218310678,0.2157334873720962,0.19225094531972037,-0.45797139397563447,-0.18022128403471893,-0.40064695195929617,1.08615158636976,0.03928102822891664,-0.14296853905600349,0.23195212476390475,-0.8838743088917704
-0.1757850414638831,-1.9041073692032613,0.4972228368944557,-2.1700174180765197,-0.8425559646632533,1.574174314760039,1.5506045960968082,-3.519975620886109,-2.77027444518657,-1.427995954344743,2.046091520402118
-1.6771532401637037,-0.5995899190030413,-0.011063649063436407,-0.45797139397563447,0.1010904258159411,0.8694643058633642,0.5659543488473384,-1.055057583290058,3.0754811959539397,-0.07945686382469022,1.679845791740383
0.055194681413012626,2.7432360471350226,-0.6210074322129072,2.7179153005635146,-0.3112025547670527,-0.2589909662577516,0.539675023803452,1.2239291368149312,0.38249264217011036,-1.0740660336561756,-0.517628580230034
-0.5222546257792262,0.9223471062305488,-1.3834371611497454,-0.5850429846460344,-0.24562062192846684,-0.2589909662577516,-0.1195285921723223,0.5864503339883744,1.3020497093158068,-0.5980219147904188,-0.9754357410572041
-0.8109792793753455,-0.16475076893630108,-1.1801225667665884,-1.1413587048853713,-0.049966345708440225,0.572641743850974,0.4006686453501005,-0.4760143373892398,0.2511273468635819,0.7699532450966583,-0.8838743088917704
0.17068454285145998,-0.32781545021132874,-0.011063649063436407,-0.1007247325048244,-0.7085865120389083,0.10429048966179916,-0.3937958290505031,-0.8160030322300622,-0.8654776632419086,0.8858107629408075,0.6726700379206074
-0.5222546257792262,0.5690402968013228,-0.8751506751918532,0.011171724328328785,-0.15846190589726822,0.3080581922550612,-0.16180584450052413,0.35270810628530164,1.7618282428886578,0.23195212476390475,0.30642430925887265
-0.29127490290233093,0.9223471062305488,-1.07846526957501,-0.5850429846460344,-0.18022128403471893,0.6520729520110842,-0.07844240816726707,-0.22102281625859355,0.5795405851299016,0.23195212476390475,0.3979857414243063
-0.9264691408137934,0.05266880609706913,-0.7226647294044856,-0.45797139397563447,-0.24562062192846684,0.20936028793142325,-0.038482015866613706,0.32083416614394134,1.9588761858484491,-0.07945686382469022,-0.6091900123954677
0.8058787807629224,-0.5995899190030413,0.9546806742565588,-0.3350668442435679,-0.2893215592214473,-1.3874462383788675,-1.1727354167938804,-0.10946402576398002,-0.27433383436253195,0.534280828369045,1.679845791740383
0.055194681413012626,-1.1974937503448086,0.09059364812814184,0.7128879369836908,2.198636439416169,0.10429048966179916,-0.4980160897989325,-0.7097565650923126,-0.6027470726288516,0.7699532450966583,1.4051614952440803
-0.8687242100945698,0.5962177436804941,-1.3834371611497454,0.32811420243229655,0.7586201829934881,0.20936028793142325,-0.16180584450052413,-0.6991319183785258,0.8422711757429585,-0.1428768778651578,0.7642314700860428
0.4594091964475794,-0.05604098141961598,0.2939082425112989,-1.4538940655645356,-0.37696810501600153,-0.5558135282701412,-0.2965289215473455,0.5864503339883744,-0.4713817773223232,-0.33549802003305695,-1.0669971732226378
-0.002550249306211046,2.6617037064975095,-1.281779863958167,0.9775804407662793,-0.07162540396932138,-1.1364863380419723,-1.6807278711223133,1.181430549959843,1.1050017663560154,-1.0740660336561756,0.48954717358974004
-0.9842140715330177,0.27008838113043876,-1.281779863958167,0.011171724328328785,-0.3989309369289859,0.572641743850974,0.11123527790389993,-1.50129274526863,0.4481752898233731,0.046231220178628976,1.9545300882366843
-0.34901983362155464,-0.11039587517795853,0.03976499953235286,-0.3350668442435679,-0.006708051678204481,0.8694643058633642,0.539675023803452,0.6926968011261241,0.7109058804364301,0.534280828369045,-1.1585586053880732
-0.6954894179368982,0.7592824249555218,-1.3834371611497454,-0.1007247325048244,-0.09330445213452575,0.4891353975807159,-0.44497522344601836,0.5227024537057128,0.8422711757429585,-0.7318191256411961,-0.9754357410572041
-0.29127490290233093,0.32444327488878133,-0.46852148642553954,-0.1007247325048244,-0.24562062192846684,0.4011130516741887,0.539675023803452,0.42708063328174994,0.7765885280896958,-0.4005085149373491,-0.4260671480646003
-0.8109792793753455,-0.43652523772801355,-0.8243220265960641,0.011171724328328785,-0.9772938887132586,-1.1364863380419723,-1.5639885371063507,-1.676599416045964,-0.07728589140274073,-0.016422384166277514,0.8557929022514765
-0.23352997218310678,1.031056893747234,-0.5193501350213287,0.22541591693410137,0.18697442284646673,0.6520729520110842,0.03829692584869563,0.5864503339883744,0.5795405851299016,-0.7993707650187795,-0.8838743088917704
-0.5222546257792262,-0.9257192815530962,0.1414222967239311,-0.7165741272261673,-0.2893215592214473,0.4011130516741887,-0.6102609269432557,-1.3312983978482187,-0.4713817773223232,0.29312716929290655,0.8557929022514765
-0.5222546257792262,1.3843637031764606,-0.41769283782975025,2.2630241117416934,0.1440716766369032,0.572641743850974,1.396940173853136,0.23052466907684238,-0.9968429585484371,-0.8673653691302385,-0.8228333541148114
1.0368585036398181,2.1996871095515984,-0.26520689204238257,0.9775804407662793,0.37907292482981314,-0.2589909662577516,1.2084896339045432,2.2863938081924866,0.7765885280896958,-0.07945686382469022,0.7642314700860428
1.0946034343590418,-1.3062035378614938,1.1071666200439263,0.22541591693410137,-0.6196961617950487,-1.3874462383788675,-1.4559047957393745,0.48020386685062477,-1.7193520827343451,0.534280828369045,0.031740012762569894
-0.002550249306211046,0.05266880609706913,-0.1635495948508042,0.9775804407662793,-0.24562062192846684,0.3080581922550612,1.589848122774459,0.48020386685062477,-0.27433383436253195,-0.27089257757012963,-0.9754357410572041
-0.9842140715330177,0.8951696593513775,-1.3834371611497454,-0.3350668442435679,-0.2674609275648184,-0.1286800914503486,0.591768528589678,0.055217998299567285,1.1706844140092811,0.10850852433038116,-1.1585586053880732
-0.8687242100945698,0.32444327488878133,-0.8751506751918532,-0.8528892563370019,-0.531140931480354,1.4837056621198097,0.5129134824944236,-0.4760143373892398,0.6452232327831673,0.10850852433038116,-0.700751444560903
0.343919335009132,1.683315618847344,0.34473689110708816,-1.2943698657800562,-0.8201745937277777,-1.6842688003912574,-1.8076307520569563,-0.6141347446683497,-1.259573549161494,-1.1438921559162405,-1.2501200375535069
-0.06029518002543575,-0.16475076893630108,0.39556553970287717,0.5254362311351806,-0.22380060454922518,0.7278083201618196,1.77163452738942,0.48020386685062477,-0.5370644249755889,-0.20668717137087902,-0.9754357410572041
1.3255831572359376,-0.9257192815530962,1.6154531060018185,-0.21606469250895247,1.357499359385153,-1.1364863380419723,-1.0105169343653688,1.011436202539432,-1.785034730387608,2.234349853460861,-0.9754357410572041
-0.6954894179368982,0.8136373187138642,-1.3834371611497454,-0.21606469250895247,-0.3112025547670527,-0.1286800914503486,-0.7318699251848588,0.10834123186844209,1.1050017663560154,-1.0047069792537324,-1.0669971732226378
0.17068454285145998,-0.32781545021132874,1.0055093228523477,0.011171724328328785,-0.2893215592214473,-0.9190949841896926,-0.34435166755526103,0.6395735675572493,-1.522304139774551,-1.2849710664843619,-0.8838743088917704
-1.099703932971465,0.8679922124722063,-1.3834371611497454,-0.9229520988168858,-0.7085865120389083,-0.9190949841896926,-1.5639885371063507,-2.6965655005684903,1.0393191187027526,-0.7993707650187795,2.229214384732987
1.9030324644281764,-0.4908801314863561,1.8695963489807648,-0.3350668442435679,-0.6196961617950487,-1.3874462383788675,-1.261154189490648,0.6926968011261241,-0.6684297202821173,0.10850852433038116,-0.24294428373373284
1.2678382265167139,0.32444327488878133,1.1071666200439263,-0.3350668442435679,-0.37696810501600153,0.10429048966179916,0.34113127346439903,1.277052370383806,-0.07728589140274073,-0.5980219147904188,-0.7923128767263367
-0.34901983362155464,1.1941215750222616,-0.011063649063436407,1.303721090205205,0.48511936689198804,1.4837056621198097,1.2579337953997851,-0.029779175410667803,-0.4713817773223232,-1.356236913825494,-1.0669971732226378
-0.6954894179368982,0.8679922124722063,-1.1801225667665884,-0.3350668442435679,-0.42091432367128045,0.572641743850974,-0.44497522344601836,0.22521234571997847,0.8422711757429585,0.10850852433038116,-0.6091900123954677
-0.06029518002543575,-1.360558431619836,1.6662817545976076,0.6203337792954684,0.357806063241585,-0.40064695195929617,-0.7318699251848588,0.8414418551189617,0.5138579374766389,0.1704140214658878,0.1233014449280036
0.17068454285145998,-0.8713643877947537,1.920424997576554,2.9262051584175577,-0.15846190589726822,-2.0475502563108083,-2.1003015527539786,0.783006298193223,-0.27433383436253195,-0.4659291734053641,0.48954717358974004
-0.34901983362155464,0.7321049780763504,-1.3834371611497454,0.011171724328328785,0.05803038255708264,-0.7273422204469264,-0.9357075582169517,0.37395739971281616,-0.27433383436253195,0.4745161674074204,-1.0669971732226378
-0.34901983362155464,0.16137859361375423,-0.9768079723834316,0.11982434457825433,0.5696131523147626,0.10429048966179916,0.3104256534278455,0.21458769900619173,-0.4713817773223232,0.046231220178628976,-0.7923128767263367
-1.9081329630405994,2.7704134940141945,-0.1635495948508042,-0.9943495515789766,-0.8201745937277777,1.38791233809376,1.3671745880615889,-1.7509719430424122,2.8127506053408857,-0.20668717137087902,0.9473543344169102
-1.3884285865675843,-0.38217034396967103,-1.3834371611497454,-0.5850429846460344,-0.22380060454922518,0.9997751806707673,0.247004223106429,-1.5119173919824167,1.236367061662544,-0.7993707650187795,0.6726700379206074
-0.23352997218310678,0.05266880609706913,0.34473689110708816,0.11982434457825433,-0.24562062192846684,-0.7273422204469264,-1.0893719804606232,-2.308765895515657,-0.7341123679353802,0.4144050427081428,2.4123372490638544
-0.34901983362155464,1.0038794468680627,-1.3326085125539562,-0.3350668442435679,-0.5090541907654498,1.3378155600525392,0.21422839252975528,-1.586289918978865,0.6452232327831673,-0.5317652039154718,1.222038630913213
1.614307810832057,-0.9800741753114388,1.0563379714481371,0.7128879369836908,0.05803038255708264,-1.3874462383788675,-0.7967011797636002,1.011436202539432,-0.9311603108951743,-0.7993707650187795,0.031740012762569894
-0.5799995564984504,-1.1431388565864662,-0.21437824344659331,-0.1007247325048244,-0.4649429157930352,1.5295683237953046,0.9120887465690947,-0.43351575053415176,0.7765885280896958,-0.20668717137087902,-0.33450571589916656
-1.734898170882928,-0.32781545021132874,-0.8243220265960641,-0.21606469250895247,-0.8649586816877393,0.3080581922550612,1.2579337953997851,-2.5903190334306814,1.499097652275601,1.3367139753146375,2.8701444098910245
-0.23352997218310678,-0.21910566269464365,0.24307959391550962,-0.5850429846460344,-0.11500352713691192,0.4011130516741887,1.9535099468099046,0.055217998299567285,-0.7341123679353802,-0.664704716765728,-0.8838743088917704
-0.8687242100945698,-0.9257192815530962,0.24307959391550962,-0.7165741272261673,-0.44291830375311186,-1.6842688003912574,-2.1003015527539786,-2.069711344455661,0.31680999451684466,-0.664704716765728,2.1376529525675534
2.653716563778087,-0.16475076893630108,1.4121385116186618,0.4280735379087408,-0.3331039521762617,-0.9190949841896926,-0.6102609269432557,1.818909352786341,-1.456621492121288,0.1704140214658878,0.3979857414243063
2.0762672565858487,0.8951696593513775,1.3104812144270834,0.9775804407662793,0.8629706301317884,-0.9190949841896926,-0.7967011797636002,1.3301756039526809,-0.9311603108951743,1.113713123125465,1.5882843595749478
1.8452875337089527,-1.1703163034656374,1.3613098630228726,-0.3350668442435679,-0.07162540396932138,-1.3874462383788675,-1.261154189490648,1.0645594361083066,-2.179130616307193,0.29312716929290655,-1.1585586053880732
-1.215193794409913,0.6505726374388366,-1.07846526957501,-0.9943495515789766,-0.8201745937277777,-1.1364863380419723,-1.0105169343653688,-1.7084733561872654,1.696145595235392,-0.7318191256411961,1.3593807791613626
-0.06029518002543575,0.9223471062305488,-0.21437824344659331,-0.45797139397563447,0.2511819717635753,0.10429048966179916,1.122164850197256,0.32083416614394134,-0.7997950155886459,0.29312716929290655,-0.9754357410572041
2.5382267023396388,0.37879816864712385,1.1071666200439263,0.4280735379087408,-0.2674609275648184,-1.3874462383788675,-0.9357075582169517,1.4364220710904303,-1.1282082538549656,-0.5317652039154718,0.8557929022514765
1.3255831572359376,-0.4908801314863561,2.072910943363922,1.5309575070424863,0.5696131523147626,-1.1364863380419723,-0.6102609269432557,0.1614644654373169,-1.6536694350810794,0.046231220178628976,2.687021545560157
2.4227368409011913,-1.360558431619836,1.3613098630228726,-0.1007247325048244,-0.11500352713691192,-0.1286800914503486,-0.34435166755526103,1.5957917717971137,-1.3252561968147596,3.694551077109105,-0.6091900123954677
0.9213686422013708,0.05266880609706913,0.9038520256607695,-0.1007247325048244,-0.355025789530022,0.3080581922550612,0.11123527790389993,1.277052370383806,0.5138579374766389,-0.20668717137087902,-0.9754357410572041
-1.272938725129137,0.37879816864712385,-0.9768079723834316,-0.7165741272261673,-0.355025789530022,0.10429048966179916,0.2790596471084973,-1.7722212364699268,0.4481752898233731,-0.7318191256411961,0.48954717358974004
-1.1574488636906892,0.8136373187138642,-1.3326085125539562,1.2248075873249686,0.3365199294607897,1.38791233809376,0.539675023803452,-0.4441403972479385,1.3020497093158068,0.046231220178628976,0.7642314700860428
-0.4645096950600025,1.3028313625389467,-0.36686418923396097,3.7013229256743307,0.22979895069687156,1.2861281450260094,1.3057565414077013,1.181430549959843,-0.7341123679353802,-0.4659291734053641,-1.1585586053880732
-0.1757850414638831,0.7592824249555218,0.1414222967239311,-0.45797139397563447,-0.5975260355436159,1.6598791986027075,0.7377365578773624,-0.4760143373892398,-0.34001648201579765,-0.5980219147904188,-0.24294428373373284
-1.0419590022522414,1.9279126407598854,-1.3834371611497454,-0.1007247325048244,1.6412383213661121,-1.1364863380419723,-1.5639885371063507,-0.6300717147390004,1.6304629475821293,-0.9358087857581127,0.30642430925887265
-0.1757850414638831,-0.43652523772801355,-0.21437824344659331,-0.21606469250895247,0.1440716766369032,0.3080581922550612,-0.34435166755526103,-0.26352140311374056,-0.6684297202821173,-1.0740660336561756,-0.24294428373373284
-0.29127490290233093,0.10702369985541169,0.39556553970287717,-0.21606469250895247,-0.2893215592214473,0.7278083201618196,0.8275164721387539,0.37395739971281616,-0.4056991296690604,-0.5980219147904188,-1.1585586053880732
1.2100932957974901,0.5962177436804941,-0.1635495948508042,0.4280735379087408,0.37907292482981314,1.232745761782915,0.5129134824944236,1.6489150053659887,-0.4713817773223232,0.10850852433038116,-0.517628580230034
-0.06029518002543575,-0.5995899190030413,1.1071666200439263,0.22541591693410137,-0.07162540396932138,1.38791233809376,0.5659543488473384,1.1176826696771816,0.1854446992103162,0.5937029965568988,-1.6163657662152433
-1.850388032321376,0.29726582800961004,-1.3834371611497454,-0.8528892563370019,-0.9547838275563088,0.10429048966179916,1.2084896339045432,-2.1547085181658963,1.6304629475821293,1.6624729114265595,2.229214384732987
-0.6954894179368982,0.5418628499221515,-1.07846526957501,-0.45797139397563447,-0.09330445213452575,-0.7273422204469264,-0.34435166755526103,0.9848745857549945,2.3529720717680345,0.4745161674074204,-0.7923128767263367
0.343919335009132,-0.7082997065197261,1.2088239172355049,0.22541591693410137,-0.7754757276803081,-0.008031065920856856,-0.44497522344601836,-0.9010002059402973,0.054079403903787744,1.446441348155312,2.687021545560157
-0.1757850414638831,0.32444327488878133,-1.1292939181707995,-0.45797139397563447,0.036470723384357036,-0.1286800914503486,-0.20534528910191016,0.34739578292837875,0.31680999451684466,-0.27089257757012963,-0.4260671480646003
-0.6377444872176741,0.27008838113043876,-1.2309512153623778,-0.1007247325048244,-0.22380060454922518,-0.9190949841896926,-0.3937958290505031,-0.5397622176719014,0.2511273468635819,-0.8673653691302385,-0.4260671480646003
-0.8109792793753455,-0.6539448127613838,0.2939082425112989,-0.21606469250895247,-0.13672266601177926,0.8001765375260035,-0.038482015866613706,-0.9541234395091721,0.6452232327831673,0.5937029965568988,0.5811086057551738
-0.29127490290233093,0.16137859361375423,-0.7734933780002748,-0.45797139397563447,-0.11500352713691192,-0.9190949841896926,-0.3937958290505031,0.1614644654373169,0.38249264217011036,-1.0047069792537324,-0.9754357410572041
-0.1757850414638831,0.9495245531097201,-1.1292939181707995,-0.5850429846460344,-0.2893215592214473,-0.7273422204469264,-0.9357075582169517,-0.26352140311374056,0.1854446992103162,1.7157848024951312,0.031740012762569894
-0.8687242100945698,0.5418628499221515,-1.027636620979221,-0.3350668442435679,0.036470723384357036,-0.2589909662577516,0.247004223106429,-0.7416305052336729,1.0393191187027526,-0.664704716765728,-0.059821419402863805
-0.29127490290233093,1.248476468780604,-1.1801225667665884,-0.1007247325048244,0.1010904258159411,0.20936028793142325,0.539675023803452,0.1614644654373169,-0.34001648201579765,-0.016422384166277514,-0.6091900123954677
-0.9842140715330177,0.4331530624054664,-1.3834371611497454,-0.9943495515789766,-0.3989309369289859,-1.6842688003912574,-2.1003015527539786,-1.453481835056678,0.11976205155705344,-1.9447148128420737,-0.059821419402863805
4.386064485354804,-0.9257192815530962,1.920424997576554,3.445661152118011,0.18697442284646673,0.8001765375260035,0.9324871641260891,0.48020386685062477,-2.179130616307193,1.113713123125465,4.060443028041668
-0.5799995564984504,-0.21910566269464365,-0.8751506751918532,0.22541591693410137,-0.42091432367128045,-1.6842688003912574,-1.3552812398486171,-0.5716361578132617,-0.07728589140274073,-1.2141916792297063,0.031740012762569894
-1.099703932971465,-0.9257192815530962,-0.31603554063817185,-0.21606469250895247,-0.8873827855575,1.0612170696061296,0.3712037425986111,-0.04571614548131845,1.0393191187027526,0.7115354006028793,-0.700751444560903
0.1129396121322363,-1.034429069069781,0.8530233770649802,-0.8528892563370019,-0.18022128403471893,-1.1364863380419723,-1.5639885371063507,-0.3432062534670528,1.3677323569690725,-0.1428768778651578,0.2148628770934373
-0.8687242100945698,1.5474283844514876,-1.3834371611497454,-1.620510515218982,3.5925561561862227,0.3080581922550612,-0.34435166755526103,-1.055057583290058,0.054079403903787744,-0.9358087857581127,-0.6091900123954677
-0.06029518002543575,0.32444327488878133,-1.3834371611497454,0.11982434457825433,0.12259088225497147,0.572641743850974,0.6420653431817784,1.861407939641488,1.236367061662544,-0.016422384166277514,-1.0669971732226378
-0.4645096950600025,-0.7082997065197261,-0.46852148642553954,-0.9943495515789766,-0.18022128403471893,0.9359231997705247,0.6420653431817784,-0.10415170240705715,0.1854446992103162,-0.4659291734053641,-0.9754357410572041
2.0185223258666247,-0.8170094940364111,1.4121385116186618,-0.3350668442435679,-0.355025789530022,-1.3874462383788675,-0.9357075582169517,1.011436202539432,-1.3252561968147596,-0.20668717137087902,0.30642430925887265
-0.5222546257792262,2.3627517908266253,-1.3834371611497454,-0.21606469250895247,0.014891257448007542,0.3080581922550612,-0.20534528910191016,0.45895457342305124,1.7618282428886578,0.10850852433038116,-0.24294428373373284
-0.4645096950600025,-0.05604098141961598,-0.8243220265960641,-1.1413587048853713,-0.18022128403471893,-0.2589909662577516,0.07522201407640439,0.055217998299567285,0.7109058804364301,-0.4659291734053641,-0.7923128767263367
-0.34901983362155464,0.2157334873720962,-0.31603554063817185,-1.1413587048853713,-0.3989309369289859,-1.6842688003912574,-1.9466371305103072,-1.1241177869295833,-0.9968429585484371,-0.7318191256411961,-0.6091900123954677
-0.6377444872176741,0.16137859361375423,-0.06189229765922567,-0.45797139397563447,-0.09330445213452575,-0.008031065920856856,1.4261104078329123,-0.4441403972479385,-0.34001648201579765,-0.8673653691302385,-0.517628580230034
2.0762672565858487,0.27008838113043876,1.564624457406029,-0.5850429846460344,-0.355025789530022,-1.3874462383788675,-1.0105169343653688,0.6926968011261241,-1.456621492121288,-0.1428768778651578,-0.4260671480646003
0.4594091964475794,-0.7082997065197261,1.51379580881024,1.881516828759094,-0.15846190589726822,-1.1364863380419723,-0.8645489050776838,-0.09352705569332938,-0.2086511867092692,-0.5317652039154718,1.8629686560712504
-0.23352997218310678,-1.9041073692032613,0.6497087826818234,-0.21606469250895247,-0.8425559646632533,1.6598791986027075,0.8491237277928321,-0.3697678702514902,0.11976205155705344,1.6088855054858067,0.7642314700860428
-0.23352997218310678,-1.0887839628281235,-0.21437824344659331,-0.8528892563370019,-0.22380060454922518,0.4891353975807159,0.2790596471084973,-0.23695978632930317,-0.14296853905600349,-0.016422384166277514,-1.0669971732226378
-1.1574488636906892,0.2157334873720962,0.03976499953235286,-0.3350668442435679,-0.8649586816877393,-0.008031065920856856,0.4006686453501005,-1.5703529489082144,0.6452232327831673,-0.33549802003305695,2.1376529525675534
-0.6954894179368982,-0.5452350252446987,-0.5193501350213287,-0.7165741272261673,-0.11500352713691192,1.120424206200259,0.45787060748036174,-0.18914887611729225,1.1706844140092811,-0.07945686382469022,-0.059821419402863805
-0.1757850414638831,1.3028313625389467,0.24307959391550962,-0.3350668442435679,-0.18022128403471893,0.3080581922550612,0.9920245360117905,-0.07227776226575586,-0.27433383436253195,-1.0047069792537324,-0.6091900123954677
-0.23352997218310678,-0.9800741753114388,0.9546806742565588,1.1441968904207247,-0.20200083776906758,0.20936028793142325,0.00041263792798731073,0.32083416614394134,0.2511273468635819,1.2258130254288109,2.1376529525675534
-1.099703932971465,-0.7626546002780686,0.2939082425112989,0.8914099115378438,-0.9098283171456374,-0.1286800914503486,0.5129134824944236,-1.9953388174592128,0.31680999451684466,-0.20668717137087902,1.5882843595749478
0.8058787807629224,-1.1974937503448086,1.0055093228523477,-0.9943495515789766,-0.553248459718999,-0.008031065920856856,-0.16180584450052413,0.8520665018327485,-0.27433383436253195,0.046231220178628976,-0.4260671480646003
-0.34901983362155464,0.27008838113043876,-1.3326085125539562,-0.7165741272261673,0.014891257448007542,-0.1286800914503486,-1.0105169343653688,-0.5397622176719014,0.054079403903787744,-0.5980219147904188,0.031740012762569894
0.343919335009132,1.1669441281430903,-0.46852148642553954,0.11982434457825433,-0.22380060454922518,0.20936028793142325,0.3712037425986111,0.3686450763559523,-0.7341123679353802,-1.2141916792297063,-0.700751444560903
-1.215193794409913,-0.4908801314863561,0.5988801340860342,0.11982434457825433,-0.22380060454922518,-1.1364863380419723,-1.3552812398486171,-0.6088224213114268,1.3020497093158068,0.23195212476390475,0.48954717358974004
-1.099703932971465,-0.9257192815530962,1.3104812144270834,-0.21606469250895247,2.896388149201076,0.572641743850974,-0.07844240816726707,-1.7509719430424122,0.38249264217011036,1.6088855054858067,1.7714072239058167
-0.40676476434077885,-0.5452350252446987,0.09059364812814184,-0.3350668442435679,-0.2674609275648184,0.572641743850974,0.8275164721387539,0.2570862858612798,0.5795405851299016,-0.07945686382469022,-0.8838743088917704
2.8269513559357584,-0.38217034396967103,1.259652565831294,-0.21606469250895247,-0.355025789530022,-0.1286800914503486,-0.07844240816726707,2.0739008739169873,-1.3909388444680224,-0.5980219147904188,-1.3416814697189405
1.0946034343590418,0.6233951905596653,0.4463941882986664,-0.7165741272261673,-0.7531581516359706,-1.3874462383788675,-1.3552812398486171,0.7989432682638736,-0.9311603108951743,-1.5730212550542668,-0.4260671480646003
0.1129396121322363,-1.741042687928234,1.259652565831294,-0.5850429846460344,0.05803038255708264,-0.5558135282701412,-0.6697982988289571,-0.11477634912084392,0.31680999451684466,0.10850852433038116,-0.059821419402863805
2.364991910181968,-0.7082997065197261,1.2088239172355049,-0.45797139397563447,-0.6196961617950487,-1.1364863380419723,-0.6102609269432557,1.4364220710904303,-1.785034730387608,-0.33549802003305695,-1.0669971732226378
-1.5616633787252565,0.40597561552629513,-1.1292939181707995,0.011171724328328785,-0.3112025547670527,0.572641743850974,-0.5530589648129944,-2.1865824583071976,1.6304629475821293,-0.664704716765728,2.229214384732987
-0.6954894179368982,-0.9257192815530962,0.1414222967239311,-0.9943495515789766,-0.15846190589726822,1.5295683237953046,0.9120887465690947,0.12427820193909275,0.8422711757429585,-1.0047069792537324,-0.9754357410572041
-0.34901983362155464,1.330008809418118,0.7513660798734018,-0.5850429846460344,0.1010904258159411,-0.7273422204469264,1.2084896339045432,-0.42289110382036504,-0.5370644249755889,-0.4005085149373491,-0.8838743088917704
-1.850388032321376,-0.11039587517795853,-0.46852148642553954,-0.3350668442435679,-0.9998255422583212,0.3080581922550612,1.4404796184545214,-2.2822042787312196,0.973636471049487,1.2814117643803615,2.229214384732987
-0.8687242100945698,0.7592824249555218,-0.6210074322129072,-0.7165741272261673,0.6538040919789003,-0.008031065920856856,-0.8645489050776838,-0.6885072716647981,0.7109058804364301,0.10850852433038116,0.7642314700860428
0.9791135729205945,1.0854117875055764,0.8021947284691909,-0.1007247325048244,-0.6196961617950487,0.20936028793142325,-0.2502246171972917,-0.05102846883818234,-1.0625256062017028,-0.5317652039154718,0.48954717358974004
-0.6954894179368982,0.8679922124722063,-0.9768079723834316,-0.3350668442435679,-0.531140931480354,1.8188362698155356,0.4856516965978687,-0.32726928339640216,0.7109058804364301,-0.33549802003305695,-0.24294428373373284
0.28617440428990837,0.32444327488878133,-0.46852148642553954,0.5254362311351806,0.036470723384357036,-0.1286800914503486,0.9920245360117905,0.3633327529990884,-1.1282082538549656,-0.7318191256411961,-0.9754357410572041
0.17068454285145998,0.8408147655930356,-0.8751506751918532,-0.9943495515789766,0.1010904258159411,-2.0475502563108083,-1.5639885371063507,0.4005190164972536,-0.01160324374947503,-0.016422384166277514,-0.8380935928090527
-0.5222546257792262,0.7592824249555218,-0.7734933780002748,-0.9943495515789766,2.0407249403524506,-1.3874462383788675,-0.7967011797636002,-0.3697678702514902,0.5138579374766389,-0.7318191256411961,-0.8838743088917704
-0.6954894179368982,0.32444327488878133,-1.3326085125539562,0.11982434457825433,-0.22380060454922518,0.6520729520110842,1.191628601250788,0.40583133985417646,1.5647802999288636,-0.4005085149373491,-0.6091900123954677
-0.6377444872176741,-0.8170094940364111,0.19225094531972037,-0.45797139397563447,-0.6863323682429516,0.20936028793142325,-0.34435166755526103,-1.049745259933135,-0.5370644249755889,0.652786575054398,0.7642314700860428
1.8452875337089527,-0.43652523772801355,1.1579952686397155,0.6203337792954684,-0.20200083776906758,0.572641743850974,0.34113127346439903,1.9145311732103627,-0.34001648201579765,2.533480403703715,0.48954717358974004
0.9213686422013708,-0.7082997065197261,1.3104812144270834,3.0751619620343256,0.208396446236977,-1.1364863380419723,-0.9357075582169517,1.011436202539432,-0.27433383436253195,1.0003880610202125,1.1304771987477775
-0.8109792793753455,-0.21910566269464365,-0.8751506751918532,-0.1007247325048244,-0.2893215592214473,-0.1286800914503486,-0.2965289215473455,-0.42289110382036504,0.7109058804364301,-0.4659291734053641,-0.24294428373373284
-0.34901983362155464,-1.360558431619836,0.1414222967239311,-0.45797139397563447,-0.553248459718999,0.4891353975807159,-0.1195285921723223,-0.7947537388025477,-0.2086511867092692,1.446441348155312,0.7642314700860428
-0.5222546257792262,-0.21910566269464365,-0.011063649063436407,-0.3350668442435679,-0.355025789530022,0.10429048966179916,-0.5530589648129944,-1.495980421911766,0.2511273468635819,-0.1428768778651578,1.4051614952440803
-1.3306836558483608,0.5962177436804941,-1.1292939181707995,-0.5850429846460344,-0.4649429157930352,-0.5558135282701412,-1.0893719804606232,-0.9222494993678708,1.3677323569690725,0.7699532450966583,0.1233014449280036
2.4227368409011913,-0.38217034396967103,1.1071666200439263,1.8139789125707002,-0.37696810501600153,1.0612170696061296,0.4006686453501005,0.7458200346949988,-1.7193520827343451,-0.5317652039154718,-0.7923128767263367
-0.6954894179368982,0.32444327488878133,-1.3326085125539562,-0.1007247325048244,-0.15846190589726822,1.120424206200259,0.21422839252975528,-0.6353840380958643,0.7109058804364301,-0.4659291734053641,0.2148628770934373
-0.23352997218310678,-0.001686087661273423,-0.1635495948508042,-0.45797139397563447,-0.3331039521762617,0.20936028793142325,1.4965812688912243,-0.3697678702514902,-0.27433383436253195,-0.7318191256411961,-0.9754357410572041
0.5171541271668031,-0.05604098141961598,3.6994276984291767,0.9775804407662793,9.22016345760724,1.38791233809376,0.8914009801210345,1.542668538228239,-3.755514159985532,6.182633156732584,-0.9754357410572041
-0.8109792793753455,-0.11039587517795853,-0.21437824344659331,-0.45797139397563447,-0.3331039521762617,-0.008031065920856856,-0.7318699251848588,-1.230364254067333,0.5795405851299016,1.113713123125465,0.6726700379206074
-0.5222546257792262,1.1397666812639191,-1.027636620979221,-0.8528892563370019,-0.02832724052109811,0.20936028793142325,0.3712037425986111,-0.8903755592265106,-1.259573549161494,-1.1438921559162405,-0.4260671480646003
1.2100932957974901,0.10702369985541169,-0.21437824344659331,0.32811420243229655,0.07957027129221486,0.4891353975807159,0.3712037425986111,1.4364220710904303,-0.6027470726288516,-0.07945686382469022,-0.1513828515682975
-0.8687242100945698,0.16137859361375423,-1.2309512153623778,-0.8528892563370019,-0.07162540396932138,0.4891353975807159,-0.07844240816726707,0.055217998299567285,0.8422711757429585,-0.1428768778651578,-0.4260671480646003
1.4410730186743859,-1.4692682191365212,0.9038520256607695,0.8914099115378438,-0.5975260355436159,0.6520729520110842,0.4006686453501005,0.26771093257506656,-1.1938909015082313,-0.7318191256411961,-0.7923128767263367
